一级分类名称,一级分类编码,二级分类名称,二级分类编码,三级分类名称,三级分类编码,三级分类链接,产品数量,48产品页数,采集时间
스킨케어,10000010001,스킨/로션/올인원,100000100010008, 전체,100000100010008,https://www.oliveyoung.co.kr/store/display/getMCategoryList.do?dispCatNo=100000100010008&fltDispCatNo=&prdSort=01&pageIdx=1&rowsPerPage=24&searchTypeSort=btn_thumb&plusButtonFlag=N&isLoginCnt=0&aShowCnt=0&bShowCnt=0&cShowCnt=0&trackingCd=Cat100000100010008_Small,635,14,2021-12-16 12:04:30
스킨케어,10000010001,스킨/로션/올인원,100000100010008,스킨/토너,1000001000100080001,https://www.oliveyoung.co.kr/store/display/getMCategoryList.do?dispCatNo=1000001000100080001&fltDispCatNo=&prdSort=01&pageIdx=1&rowsPerPage=24&searchTypeSort=btn_thumb&plusButtonFlag=N&isLoginCnt=0&aShowCnt=0&bShowCnt=0&cShowCnt=0&trackingCd=Cat1000001000100080001_Small,352,8,2021-12-16 12:04:30
스킨케어,10000010001,스킨/로션/올인원,100000100010008,로션/에멀젼,1000001000100080002,https://www.oliveyoung.co.kr/store/display/getMCategoryList.do?dispCatNo=1000001000100080002&fltDispCatNo=&prdSort=01&pageIdx=1&rowsPerPage=24&searchTypeSort=btn_thumb&plusButtonFlag=N&isLoginCnt=0&aShowCnt=0&bShowCnt=0&cShowCnt=0&trackingCd=Cat1000001000100080002_Small,124,3,2021-12-16 12:04:31
스킨케어,10000010001,스킨/로션/올인원,100000100010008,올인원,1000001000100080003,https://www.oliveyoung.co.kr/store/display/getMCategoryList.do?dispCatNo=1000001000100080003&fltDispCatNo=&prdSort=01&pageIdx=1&rowsPerPage=24&searchTypeSort=btn_thumb&plusButtonFlag=N&isLoginCnt=0&aShowCnt=0&bShowCnt=0&cShowCnt=0&trackingCd=Cat1000001000100080003_Small,107,3,2021-12-16 12:04:31
스킨케어,10000010001,스킨/로션/올인원,100000100010008,스킨케어 세트,1000001000100080004,https://www.oliveyoung.co.kr/store/display/getMCategoryList.do?dispCatNo=1000001000100080004&fltDispCatNo=&prdSort=01&pageIdx=1&rowsPerPage=24&searchTypeSort=btn_thumb&plusButtonFlag=N&isLoginCnt=0&aShowCnt=0&bShowCnt=0&cShowCnt=0&trackingCd=Cat1000001000100080004_Small,75,2,2021-12-16 12:04:31
스킨케어,10000010001,에센스/크림,100000100010009, 전체,100000100010009,https://www.oliveyoung.co.kr/store/display/getMCategoryList.do?dispCatNo=100000100010009&fltDispCatNo=&prdSort=01&pageIdx=1&rowsPerPage=24&searchTypeSort=btn_thumb&plusButtonFlag=N&isLoginCnt=0&aShowCnt=0&bShowCnt=0&cShowCnt=0&trackingCd=Cat100000100010009_Small,949,20,2021-12-16 12:04:32
스킨케어,10000010001,에센스/크림,100000100010009,에센스/세럼,1000001000100090001,https://www.oliveyoung.co.kr/store/display/getMCategoryList.do?dispCatNo=1000001000100090001&fltDispCatNo=&prdSort=01&pageIdx=1&rowsPerPage=24&searchTypeSort=btn_thumb&plusButtonFlag=N&isLoginCnt=0&aShowCnt=0&bShowCnt=0&cShowCnt=0&trackingCd=Cat1000001000100090001_Small,478,10,2021-12-16 12:04:32
스킨케어,10000010001,에센스/크림,100000100010009,크림,1000001000100090002,https://www.oliveyoung.co.kr/store/display/getMCategoryList.do?dispCatNo=1000001000100090002&fltDispCatNo=&prdSort=01&pageIdx=1&rowsPerPage=24&searchTypeSort=btn_thumb&plusButtonFlag=N&isLoginCnt=0&aShowCnt=0&bShowCnt=0&cShowCnt=0&trackingCd=Cat1000001000100090002_Small,445,10,2021-12-16 12:04:33
스킨케어,10000010001,에센스/크림,100000100010009,아이크림,1000001000100090003,https://www.oliveyoung.co.kr/store/display/getMCategoryList.do?dispCatNo=1000001000100090003&fltDispCatNo=&prdSort=01&pageIdx=1&rowsPerPage=24&searchTypeSort=btn_thumb&plusButtonFlag=N&isLoginCnt=0&aShowCnt=0&bShowCnt=0&cShowCnt=0&trackingCd=Cat1000001000100090003_Small,57,2,2021-12-16 12:04:33
스킨케어,10000010001,미스트/오일,100000100010010, 전체,100000100010010,https://www.oliveyoung.co.kr/store/display/getMCategoryList.do?dispCatNo=100000100010010&fltDispCatNo=&prdSort=01&pageIdx=1&rowsPerPage=24&searchTypeSort=btn_thumb&plusButtonFlag=N&isLoginCnt=0&aShowCnt=0&bShowCnt=0&cShowCnt=0&trackingCd=Cat100000100010010_Small,104,3,2021-12-16 12:04:34
스킨케어,10000010001,미스트/오일,100000100010010,미스트/픽서,1000001000100100001,https://www.oliveyoung.co.kr/store/display/getMCategoryList.do?dispCatNo=1000001000100100001&fltDispCatNo=&prdSort=01&pageIdx=1&rowsPerPage=24&searchTypeSort=btn_thumb&plusButtonFlag=N&isLoginCnt=0&aShowCnt=0&bShowCnt=0&cShowCnt=0&trackingCd=Cat1000001000100100001_Small,74,2,2021-12-16 12:04:35
스킨케어,10000010001,미스트/오일,100000100010010,페이스오일,1000001000100100002,https://www.oliveyoung.co.kr/store/display/getMCategoryList.do?dispCatNo=1000001000100100002&fltDispCatNo=&prdSort=01&pageIdx=1&rowsPerPage=24&searchTypeSort=btn_thumb&plusButtonFlag=N&isLoginCnt=0&aShowCnt=0&bShowCnt=0&cShowCnt=0&trackingCd=Cat1000001000100100002_Small,30,1,2021-12-16 12:04:35
마스크팩,10000010009,시트팩/패드,100000100090001, 전체,100000100090001,https://www.oliveyoung.co.kr/store/display/getMCategoryList.do?dispCatNo=100000100090001&fltDispCatNo=&prdSort=01&pageIdx=1&rowsPerPage=24&searchTypeSort=btn_thumb&plusButtonFlag=N&isLoginCnt=0&aShowCnt=0&bShowCnt=0&cShowCnt=0&trackingCd=Cat100000100090001_Small,598,13,2021-12-16 12:04:38
마스크팩,10000010009,시트팩/패드,100000100090001,시트팩,1000001000900010001,https://www.oliveyoung.co.kr/store/display/getMCategoryList.do?dispCatNo=1000001000900010001&fltDispCatNo=&prdSort=01&pageIdx=1&rowsPerPage=24&searchTypeSort=btn_thumb&plusButtonFlag=N&isLoginCnt=0&aShowCnt=0&bShowCnt=0&cShowCnt=0&trackingCd=Cat1000001000900010001_Small,460,10,2021-12-16 12:04:39
마스크팩,10000010009,시트팩/패드,100000100090001,패드,1000001000900010002,https://www.oliveyoung.co.kr/store/display/getMCategoryList.do?dispCatNo=1000001000900010002&fltDispCatNo=&prdSort=01&pageIdx=1&rowsPerPage=24&searchTypeSort=btn_thumb&plusButtonFlag=N&isLoginCnt=0&aShowCnt=0&bShowCnt=0&cShowCnt=0&trackingCd=Cat1000001000900010002_Small,138,3,2021-12-16 12:04:39
마스크팩,10000010009,페이셜팩,100000100090002, 전체,100000100090002,https://www.oliveyoung.co.kr/store/display/getMCategoryList.do?dispCatNo=100000100090002&fltDispCatNo=&prdSort=01&pageIdx=1&rowsPerPage=24&searchTypeSort=btn_thumb&plusButtonFlag=N&isLoginCnt=0&aShowCnt=0&bShowCnt=0&cShowCnt=0&trackingCd=Cat100000100090002_Small,110,3,2021-12-16 12:04:40
마스크팩,10000010009,페이셜팩,100000100090002,워시오프팩,1000001000900020001,https://www.oliveyoung.co.kr/store/display/getMCategoryList.do?dispCatNo=1000001000900020001&fltDispCatNo=&prdSort=01&pageIdx=1&rowsPerPage=24&searchTypeSort=btn_thumb&plusButtonFlag=N&isLoginCnt=0&aShowCnt=0&bShowCnt=0&cShowCnt=0&trackingCd=Cat1000001000900020001_Small,65,2,2021-12-16 12:04:40
마스크팩,10000010009,페이셜팩,100000100090002,슬리핑팩,1000001000900020002,https://www.oliveyoung.co.kr/store/display/getMCategoryList.do?dispCatNo=1000001000900020002&fltDispCatNo=&prdSort=01&pageIdx=1&rowsPerPage=24&searchTypeSort=btn_thumb&plusButtonFlag=N&isLoginCnt=0&aShowCnt=0&bShowCnt=0&cShowCnt=0&trackingCd=Cat1000001000900020002_Small,23,1,2021-12-16 12:04:40
마스크팩,10000010009,페이셜팩,100000100090002,모델링팩/필오프팩,1000001000900020003,https://www.oliveyoung.co.kr/store/display/getMCategoryList.do?dispCatNo=1000001000900020003&fltDispCatNo=&prdSort=01&pageIdx=1&rowsPerPage=24&searchTypeSort=btn_thumb&plusButtonFlag=N&isLoginCnt=0&aShowCnt=0&bShowCnt=0&cShowCnt=0&trackingCd=Cat1000001000900020003_Small,24,1,2021-12-16 12:04:41
마스크팩,10000010009,코팩/패치,100000100090003, 전체,100000100090003,https://www.oliveyoung.co.kr/store/display/getMCategoryList.do?dispCatNo=100000100090003&fltDispCatNo=&prdSort=01&pageIdx=1&rowsPerPage=24&searchTypeSort=btn_thumb&plusButtonFlag=N&isLoginCnt=0&aShowCnt=0&bShowCnt=0&cShowCnt=0&trackingCd=Cat100000100090003_Small,46,1,2021-12-16 12:04:42
마스크팩,10000010009,코팩/패치,100000100090003,코팩,1000001000900030001,https://www.oliveyoung.co.kr/store/display/getMCategoryList.do?dispCatNo=1000001000900030001&fltDispCatNo=&prdSort=01&pageIdx=1&rowsPerPage=24&searchTypeSort=btn_thumb&plusButtonFlag=N&isLoginCnt=0&aShowCnt=0&bShowCnt=0&cShowCnt=0&trackingCd=Cat1000001000900030001_Small,22,1,2021-12-16 12:04:42
마스크팩,10000010009,코팩/패치,100000100090003,패치,1000001000900030002,https://www.oliveyoung.co.kr/store/display/getMCategoryList.do?dispCatNo=1000001000900030002&fltDispCatNo=&prdSort=01&pageIdx=1&rowsPerPage=24&searchTypeSort=btn_thumb&plusButtonFlag=N&isLoginCnt=0&aShowCnt=0&bShowCnt=0&cShowCnt=0&trackingCd=Cat1000001000900030002_Small,24,1,2021-12-16 12:04:43
클렌징,10000010010,페이셜클렌징,100000100100001, 전체,100000100100001,https://www.oliveyoung.co.kr/store/display/getMCategoryList.do?dispCatNo=100000100100001&fltDispCatNo=&prdSort=01&pageIdx=1&rowsPerPage=24&searchTypeSort=btn_thumb&plusButtonFlag=N&isLoginCnt=0&aShowCnt=0&bShowCnt=0&cShowCnt=0&trackingCd=Cat100000100100001_Small,377,8,2021-12-16 12:04:46
클렌징,10000010010,페이셜클렌징,100000100100001,클렌징폼/젤,1000001001000010001,https://www.oliveyoung.co.kr/store/display/getMCategoryList.do?dispCatNo=1000001001000010001&fltDispCatNo=&prdSort=01&pageIdx=1&rowsPerPage=24&searchTypeSort=btn_thumb&plusButtonFlag=N&isLoginCnt=0&aShowCnt=0&bShowCnt=0&cShowCnt=0&trackingCd=Cat1000001001000010001_Small,352,8,2021-12-16 12:04:47
클렌징,10000010010,페이셜클렌징,100000100100001,클렌징 비누,1000001001000010002,https://www.oliveyoung.co.kr/store/display/getMCategoryList.do?dispCatNo=1000001001000010002&fltDispCatNo=&prdSort=01&pageIdx=1&rowsPerPage=24&searchTypeSort=btn_thumb&plusButtonFlag=N&isLoginCnt=0&aShowCnt=0&bShowCnt=0&cShowCnt=0&trackingCd=Cat1000001001000010002_Small,33,1,2021-12-16 12:04:47
클렌징,10000010010,메이크업클렌징,100000100100002, 전체,100000100100002,https://www.oliveyoung.co.kr/store/display/getMCategoryList.do?dispCatNo=100000100100002&fltDispCatNo=&prdSort=01&pageIdx=1&rowsPerPage=24&searchTypeSort=btn_thumb&plusButtonFlag=N&isLoginCnt=0&aShowCnt=0&bShowCnt=0&cShowCnt=0&trackingCd=Cat100000100100002_Small,218,5,2021-12-16 12:04:48
클렌징,10000010010,메이크업클렌징,100000100100002,클렌징오일/밤,1000001001000020001,https://www.oliveyoung.co.kr/store/display/getMCategoryList.do?dispCatNo=1000001001000020001&fltDispCatNo=&prdSort=01&pageIdx=1&rowsPerPage=24&searchTypeSort=btn_thumb&plusButtonFlag=N&isLoginCnt=0&aShowCnt=0&bShowCnt=0&cShowCnt=0&trackingCd=Cat1000001001000020001_Small,97,3,2021-12-16 12:04:49
클렌징,10000010010,메이크업클렌징,100000100100002,클렌징워터,1000001001000020002,https://www.oliveyoung.co.kr/store/display/getMCategoryList.do?dispCatNo=1000001001000020002&fltDispCatNo=&prdSort=01&pageIdx=1&rowsPerPage=24&searchTypeSort=btn_thumb&plusButtonFlag=N&isLoginCnt=0&aShowCnt=0&bShowCnt=0&cShowCnt=0&trackingCd=Cat1000001001000020002_Small,61,2,2021-12-16 12:04:49
클렌징,10000010010,메이크업클렌징,100000100100002,립&아이리무버,1000001001000020003,https://www.oliveyoung.co.kr/store/display/getMCategoryList.do?dispCatNo=1000001001000020003&fltDispCatNo=&prdSort=01&pageIdx=1&rowsPerPage=24&searchTypeSort=btn_thumb&plusButtonFlag=N&isLoginCnt=0&aShowCnt=0&bShowCnt=0&cShowCnt=0&trackingCd=Cat1000001001000020003_Small,40,1,2021-12-16 12:04:49
클렌징,10000010010,메이크업클렌징,100000100100002,클렌징밀크/크림,1000001001000020004,https://www.oliveyoung.co.kr/store/display/getMCategoryList.do?dispCatNo=1000001001000020004&fltDispCatNo=&prdSort=01&pageIdx=1&rowsPerPage=24&searchTypeSort=btn_thumb&plusButtonFlag=N&isLoginCnt=0&aShowCnt=0&bShowCnt=0&cShowCnt=0&trackingCd=Cat1000001001000020004_Small,20,1,2021-12-16 12:04:49
클렌징,10000010010,필링/패드,100000100100003, 전체,100000100100003,https://www.oliveyoung.co.kr/store/display/getMCategoryList.do?dispCatNo=100000100100003&fltDispCatNo=&prdSort=01&pageIdx=1&rowsPerPage=24&searchTypeSort=btn_thumb&plusButtonFlag=N&isLoginCnt=0&aShowCnt=0&bShowCnt=0&cShowCnt=0&trackingCd=Cat100000100100003_Small,103,3,2021-12-16 12:04:50
클렌징,10000010010,필링/패드,100000100100003,필링/스크럽,1000001001000030001,https://www.oliveyoung.co.kr/store/display/getMCategoryList.do?dispCatNo=1000001001000030001&fltDispCatNo=&prdSort=01&pageIdx=1&rowsPerPage=24&searchTypeSort=btn_thumb&plusButtonFlag=N&isLoginCnt=0&aShowCnt=0&bShowCnt=0&cShowCnt=0&trackingCd=Cat1000001001000030001_Small,59,2,2021-12-16 12:04:50
클렌징,10000010010,필링/패드,100000100100003,클렌징티슈/패드,1000001001000030002,https://www.oliveyoung.co.kr/store/display/getMCategoryList.do?dispCatNo=1000001001000030002&fltDispCatNo=&prdSort=01&pageIdx=1&rowsPerPage=24&searchTypeSort=btn_thumb&plusButtonFlag=N&isLoginCnt=0&aShowCnt=0&bShowCnt=0&cShowCnt=0&trackingCd=Cat1000001001000030002_Small,44,1,2021-12-16 12:04:50
선케어,10000010011,선블록,100000100110001, 전체,100000100110001,https://www.oliveyoung.co.kr/store/display/getMCategoryList.do?dispCatNo=100000100110001&fltDispCatNo=&prdSort=01&pageIdx=1&rowsPerPage=24&searchTypeSort=btn_thumb&plusButtonFlag=N&isLoginCnt=0&aShowCnt=0&bShowCnt=0&cShowCnt=0&trackingCd=Cat100000100110001_Small,276,6,2021-12-16 12:04:52
선케어,10000010011,선블록,100000100110001,선크림,1000001001100010001,https://www.oliveyoung.co.kr/store/display/getMCategoryList.do?dispCatNo=1000001001100010001&fltDispCatNo=&prdSort=01&pageIdx=1&rowsPerPage=24&searchTypeSort=btn_thumb&plusButtonFlag=N&isLoginCnt=0&aShowCnt=0&bShowCnt=0&cShowCnt=0&trackingCd=Cat1000001001100010001_Small,219,5,2021-12-16 12:04:52
선케어,10000010011,선블록,100000100110001,선스틱/선스프레이,1000001001100010002,https://www.oliveyoung.co.kr/store/display/getMCategoryList.do?dispCatNo=1000001001100010002&fltDispCatNo=&prdSort=01&pageIdx=1&rowsPerPage=24&searchTypeSort=btn_thumb&plusButtonFlag=N&isLoginCnt=0&aShowCnt=0&bShowCnt=0&cShowCnt=0&trackingCd=Cat1000001001100010002_Small,49,2,2021-12-16 12:04:52
선케어,10000010011,선블록,100000100110001,선쿠션/파우더,1000001001100010003,https://www.oliveyoung.co.kr/store/display/getMCategoryList.do?dispCatNo=1000001001100010003&fltDispCatNo=&prdSort=01&pageIdx=1&rowsPerPage=24&searchTypeSort=btn_thumb&plusButtonFlag=N&isLoginCnt=0&aShowCnt=0&bShowCnt=0&cShowCnt=0&trackingCd=Cat1000001001100010003_Small,31,1,2021-12-16 12:04:52
선케어,10000010011,태닝/애프터선,100000100110002, 전체,100000100110002,https://www.oliveyoung.co.kr/store/display/getMCategoryList.do?dispCatNo=100000100110002&fltDispCatNo=&prdSort=01&pageIdx=1&rowsPerPage=24&searchTypeSort=btn_thumb&plusButtonFlag=N&isLoginCnt=0&aShowCnt=0&bShowCnt=0&cShowCnt=0&trackingCd=Cat100000100110002_Small,27,1,2021-12-16 12:04:52
선케어,10000010011,태닝/애프터선,100000100110002,태닝,1000001001100020001,https://www.oliveyoung.co.kr/store/display/getMCategoryList.do?dispCatNo=1000001001100020001&fltDispCatNo=&prdSort=01&pageIdx=1&rowsPerPage=24&searchTypeSort=btn_thumb&plusButtonFlag=N&isLoginCnt=0&aShowCnt=0&bShowCnt=0&cShowCnt=0&trackingCd=Cat1000001001100020001_Small,7,1,2021-12-16 12:04:52
선케어,10000010011,태닝/애프터선,100000100110002,애프터선,1000001001100020002,https://www.oliveyoung.co.kr/store/display/getMCategoryList.do?dispCatNo=1000001001100020002&fltDispCatNo=&prdSort=01&pageIdx=1&rowsPerPage=24&searchTypeSort=btn_thumb&plusButtonFlag=N&isLoginCnt=0&aShowCnt=0&bShowCnt=0&cShowCnt=0&trackingCd=Cat1000001001100020002_Small,20,1,2021-12-16 12:04:52
더모 코스메틱,10000010008,스킨/로션,100000100080008, 전체,100000100080008,https://www.oliveyoung.co.kr/store/display/getMCategoryList.do?dispCatNo=100000100080008&fltDispCatNo=&prdSort=01&pageIdx=1&rowsPerPage=24&searchTypeSort=btn_thumb&plusButtonFlag=N&isLoginCnt=0&aShowCnt=0&bShowCnt=0&cShowCnt=0&trackingCd=Cat100000100080008_Small,67,2,2021-12-16 12:04:55
더모 코스메틱,10000010008,스킨/로션,100000100080008,스킨/토너,1000001000800080001,https://www.oliveyoung.co.kr/store/display/getMCategoryList.do?dispCatNo=1000001000800080001&fltDispCatNo=&prdSort=01&pageIdx=1&rowsPerPage=24&searchTypeSort=btn_thumb&plusButtonFlag=N&isLoginCnt=0&aShowCnt=0&bShowCnt=0&cShowCnt=0&trackingCd=Cat1000001000800080001_Small,47,1,2021-12-16 12:04:56
더모 코스메틱,10000010008,스킨/로션,100000100080008,로션,1000001000800080002,https://www.oliveyoung.co.kr/store/display/getMCategoryList.do?dispCatNo=1000001000800080002&fltDispCatNo=&prdSort=01&pageIdx=1&rowsPerPage=24&searchTypeSort=btn_thumb&plusButtonFlag=N&isLoginCnt=0&aShowCnt=0&bShowCnt=0&cShowCnt=0&trackingCd=Cat1000001000800080002_Small,20,1,2021-12-16 12:04:56
더모 코스메틱,10000010008,에센스/크림,100000100080009, 전체,100000100080009,https://www.oliveyoung.co.kr/store/display/getMCategoryList.do?dispCatNo=100000100080009&fltDispCatNo=&prdSort=01&pageIdx=1&rowsPerPage=24&searchTypeSort=btn_thumb&plusButtonFlag=N&isLoginCnt=0&aShowCnt=0&bShowCnt=0&cShowCnt=0&trackingCd=Cat100000100080009_Small,189,4,2021-12-16 12:04:57
더모 코스메틱,10000010008,에센스/크림,100000100080009,크림,1000001000800090001,https://www.oliveyoung.co.kr/store/display/getMCategoryList.do?dispCatNo=1000001000800090001&fltDispCatNo=&prdSort=01&pageIdx=1&rowsPerPage=24&searchTypeSort=btn_thumb&plusButtonFlag=N&isLoginCnt=0&aShowCnt=0&bShowCnt=0&cShowCnt=0&trackingCd=Cat1000001000800090001_Small,122,3,2021-12-16 12:04:58
더모 코스메틱,10000010008,에센스/크림,100000100080009,에센스/세럼,1000001000800090002,https://www.oliveyoung.co.kr/store/display/getMCategoryList.do?dispCatNo=1000001000800090002&fltDispCatNo=&prdSort=01&pageIdx=1&rowsPerPage=24&searchTypeSort=btn_thumb&plusButtonFlag=N&isLoginCnt=0&aShowCnt=0&bShowCnt=0&cShowCnt=0&trackingCd=Cat1000001000800090002_Small,53,2,2021-12-16 12:04:58
더모 코스메틱,10000010008,에센스/크림,100000100080009,아이크림,1000001000800090003,https://www.oliveyoung.co.kr/store/display/getMCategoryList.do?dispCatNo=1000001000800090003&fltDispCatNo=&prdSort=01&pageIdx=1&rowsPerPage=24&searchTypeSort=btn_thumb&plusButtonFlag=N&isLoginCnt=0&aShowCnt=0&bShowCnt=0&cShowCnt=0&trackingCd=Cat1000001000800090003_Small,9,1,2021-12-16 12:04:59
더모 코스메틱,10000010008,에센스/크림,100000100080009,기초화장품세트,1000001000800090004,https://www.oliveyoung.co.kr/store/display/getMCategoryList.do?dispCatNo=1000001000800090004&fltDispCatNo=&prdSort=01&pageIdx=1&rowsPerPage=24&searchTypeSort=btn_thumb&plusButtonFlag=N&isLoginCnt=0&aShowCnt=0&bShowCnt=0&cShowCnt=0&trackingCd=Cat1000001000800090004_Small,4,1,2021-12-16 12:04:59
더모 코스메틱,10000010008,에센스/크림,100000100080009,올인원,1000001000800090005,https://www.oliveyoung.co.kr/store/display/getMCategoryList.do?dispCatNo=1000001000800090005&fltDispCatNo=&prdSort=01&pageIdx=1&rowsPerPage=24&searchTypeSort=btn_thumb&plusButtonFlag=N&isLoginCnt=0&aShowCnt=0&bShowCnt=0&cShowCnt=0&trackingCd=Cat1000001000800090005_Small,1,1,2021-12-16 12:05:00
더모 코스메틱,10000010008,미스트/오일,100000100080010, 전체,100000100080010,https://www.oliveyoung.co.kr/store/display/getMCategoryList.do?dispCatNo=100000100080010&fltDispCatNo=&prdSort=01&pageIdx=1&rowsPerPage=24&searchTypeSort=btn_thumb&plusButtonFlag=N&isLoginCnt=0&aShowCnt=0&bShowCnt=0&cShowCnt=0&trackingCd=Cat100000100080010_Small,23,1,2021-12-16 12:05:01
더모 코스메틱,10000010008,미스트/오일,100000100080010,미스트,1000001000800100001,https://www.oliveyoung.co.kr/store/display/getMCategoryList.do?dispCatNo=1000001000800100001&fltDispCatNo=&prdSort=01&pageIdx=1&rowsPerPage=24&searchTypeSort=btn_thumb&plusButtonFlag=N&isLoginCnt=0&aShowCnt=0&bShowCnt=0&cShowCnt=0&trackingCd=Cat1000001000800100001_Small,17,1,2021-12-16 12:05:01
더모 코스메틱,10000010008,미스트/오일,100000100080010,페이셜오일,1000001000800100002,https://www.oliveyoung.co.kr/store/display/getMCategoryList.do?dispCatNo=1000001000800100002&fltDispCatNo=&prdSort=01&pageIdx=1&rowsPerPage=24&searchTypeSort=btn_thumb&plusButtonFlag=N&isLoginCnt=0&aShowCnt=0&bShowCnt=0&cShowCnt=0&trackingCd=Cat1000001000800100002_Small,6,1,2021-12-16 12:05:02
더모 코스메틱,10000010008,마스크팩,100000100080011, 전체,100000100080011,https://www.oliveyoung.co.kr/store/display/getMCategoryList.do?dispCatNo=100000100080011&fltDispCatNo=&prdSort=01&pageIdx=1&rowsPerPage=24&searchTypeSort=btn_thumb&plusButtonFlag=N&isLoginCnt=0&aShowCnt=0&bShowCnt=0&cShowCnt=0&trackingCd=Cat100000100080011_Small,17,1,2021-12-16 12:05:03
더모 코스메틱,10000010008,마스크팩,100000100080011,마스크팩,1000001000800110001,https://www.oliveyoung.co.kr/store/display/getMCategoryList.do?dispCatNo=1000001000800110001&fltDispCatNo=&prdSort=01&pageIdx=1&rowsPerPage=24&searchTypeSort=btn_thumb&plusButtonFlag=N&isLoginCnt=0&aShowCnt=0&bShowCnt=0&cShowCnt=0&trackingCd=Cat1000001000800110001_Small,17,1,2021-12-16 12:05:03
더모 코스메틱,10000010008,클렌징,100000100080006, 전체,100000100080006,https://www.oliveyoung.co.kr/store/display/getMCategoryList.do?dispCatNo=100000100080006&fltDispCatNo=&prdSort=01&pageIdx=1&rowsPerPage=24&searchTypeSort=btn_thumb&plusButtonFlag=N&isLoginCnt=0&aShowCnt=0&bShowCnt=0&cShowCnt=0&trackingCd=Cat100000100080006_Small,82,2,2021-12-16 12:05:05
더모 코스메틱,10000010008,클렌징,100000100080006,클렌징 오일/밀크,1000001000800060004,https://www.oliveyoung.co.kr/store/display/getMCategoryList.do?dispCatNo=1000001000800060004&fltDispCatNo=&prdSort=01&pageIdx=1&rowsPerPage=24&searchTypeSort=btn_thumb&plusButtonFlag=N&isLoginCnt=0&aShowCnt=0&bShowCnt=0&cShowCnt=0&trackingCd=Cat1000001000800060004_Small,7,1,2021-12-16 12:05:05
더모 코스메틱,10000010008,클렌징,100000100080006,클렌징워터,1000001000800060006,https://www.oliveyoung.co.kr/store/display/getMCategoryList.do?dispCatNo=1000001000800060006&fltDispCatNo=&prdSort=01&pageIdx=1&rowsPerPage=24&searchTypeSort=btn_thumb&plusButtonFlag=N&isLoginCnt=0&aShowCnt=0&bShowCnt=0&cShowCnt=0&trackingCd=Cat1000001000800060006_Small,29,1,2021-12-16 12:05:06
더모 코스메틱,10000010008,클렌징,100000100080006,클렌징폼/젤,1000001000800060005,https://www.oliveyoung.co.kr/store/display/getMCategoryList.do?dispCatNo=1000001000800060005&fltDispCatNo=&prdSort=01&pageIdx=1&rowsPerPage=24&searchTypeSort=btn_thumb&plusButtonFlag=N&isLoginCnt=0&aShowCnt=0&bShowCnt=0&cShowCnt=0&trackingCd=Cat1000001000800060005_Small,42,1,2021-12-16 12:05:06
더모 코스메틱,10000010008,클렌징,100000100080006,필링/스크럽,1000001000800060003,https://www.oliveyoung.co.kr/store/display/getMCategoryList.do?dispCatNo=1000001000800060003&fltDispCatNo=&prdSort=01&pageIdx=1&rowsPerPage=24&searchTypeSort=btn_thumb&plusButtonFlag=N&isLoginCnt=0&aShowCnt=0&bShowCnt=0&cShowCnt=0&trackingCd=Cat1000001000800060003_Small,6,1,2021-12-16 12:05:07
더모 코스메틱,10000010008,선케어,100000100080005, 전체,100000100080005,https://www.oliveyoung.co.kr/store/display/getMCategoryList.do?dispCatNo=100000100080005&fltDispCatNo=&prdSort=01&pageIdx=1&rowsPerPage=24&searchTypeSort=btn_thumb&plusButtonFlag=N&isLoginCnt=0&aShowCnt=0&bShowCnt=0&cShowCnt=0&trackingCd=Cat100000100080005_Small,35,1,2021-12-16 12:05:08
더모 코스메틱,10000010008,선케어,100000100080005,선스틱,1000001000800050003,https://www.oliveyoung.co.kr/store/display/getMCategoryList.do?dispCatNo=1000001000800050003&fltDispCatNo=&prdSort=01&pageIdx=1&rowsPerPage=24&searchTypeSort=btn_thumb&plusButtonFlag=N&isLoginCnt=0&aShowCnt=0&bShowCnt=0&cShowCnt=0&trackingCd=Cat1000001000800050003_Small,3,1,2021-12-16 12:05:08
더모 코스메틱,10000010008,선케어,100000100080005,선크림/선로션,1000001000800050004,https://www.oliveyoung.co.kr/store/display/getMCategoryList.do?dispCatNo=1000001000800050004&fltDispCatNo=&prdSort=01&pageIdx=1&rowsPerPage=24&searchTypeSort=btn_thumb&plusButtonFlag=N&isLoginCnt=0&aShowCnt=0&bShowCnt=0&cShowCnt=0&trackingCd=Cat1000001000800050004_Small,32,1,2021-12-16 12:05:09
더모 코스메틱,10000010008,바디케어,100000100080004, 전체,100000100080004,https://www.oliveyoung.co.kr/store/display/getMCategoryList.do?dispCatNo=100000100080004&fltDispCatNo=&prdSort=01&pageIdx=1&rowsPerPage=24&searchTypeSort=btn_thumb&plusButtonFlag=N&isLoginCnt=0&aShowCnt=0&bShowCnt=0&cShowCnt=0&trackingCd=Cat100000100080004_Small,87,2,2021-12-16 12:05:10
더모 코스메틱,10000010008,바디케어,100000100080004,데오도란트,1000001000800040001,https://www.oliveyoung.co.kr/store/display/getMCategoryList.do?dispCatNo=1000001000800040001&fltDispCatNo=&prdSort=01&pageIdx=1&rowsPerPage=24&searchTypeSort=btn_thumb&plusButtonFlag=N&isLoginCnt=0&aShowCnt=0&bShowCnt=0&cShowCnt=0&trackingCd=Cat1000001000800040001_Small,2,1,2021-12-16 12:05:10
더모 코스메틱,10000010008,바디케어,100000100080004,로션/크림/오일(밤),1000001000800040005,https://www.oliveyoung.co.kr/store/display/getMCategoryList.do?dispCatNo=1000001000800040005&fltDispCatNo=&prdSort=01&pageIdx=1&rowsPerPage=24&searchTypeSort=btn_thumb&plusButtonFlag=N&isLoginCnt=0&aShowCnt=0&bShowCnt=0&cShowCnt=0&trackingCd=Cat1000001000800040005_Small,25,1,2021-12-16 12:05:11
더모 코스메틱,10000010008,바디케어,100000100080004,립케어,1000001000800040003,https://www.oliveyoung.co.kr/store/display/getMCategoryList.do?dispCatNo=1000001000800040003&fltDispCatNo=&prdSort=01&pageIdx=1&rowsPerPage=24&searchTypeSort=btn_thumb&plusButtonFlag=N&isLoginCnt=0&aShowCnt=0&bShowCnt=0&cShowCnt=0&trackingCd=Cat1000001000800040003_Small,19,1,2021-12-16 12:05:11
더모 코스메틱,10000010008,바디케어,100000100080004,워시,1000001000800040006,https://www.oliveyoung.co.kr/store/display/getMCategoryList.do?dispCatNo=1000001000800040006&fltDispCatNo=&prdSort=01&pageIdx=1&rowsPerPage=24&searchTypeSort=btn_thumb&plusButtonFlag=N&isLoginCnt=0&aShowCnt=0&bShowCnt=0&cShowCnt=0&trackingCd=Cat1000001000800040006_Small,22,1,2021-12-16 12:05:12
더모 코스메틱,10000010008,바디케어,100000100080004,청결제,1000001000800040002,https://www.oliveyoung.co.kr/store/display/getMCategoryList.do?dispCatNo=1000001000800040002&fltDispCatNo=&prdSort=01&pageIdx=1&rowsPerPage=24&searchTypeSort=btn_thumb&plusButtonFlag=N&isLoginCnt=0&aShowCnt=0&bShowCnt=0&cShowCnt=0&trackingCd=Cat1000001000800040002_Small,11,1,2021-12-16 12:05:12
더모 코스메틱,10000010008,바디케어,100000100080004,핸드크림,1000001000800040004,https://www.oliveyoung.co.kr/store/display/getMCategoryList.do?dispCatNo=1000001000800040004&fltDispCatNo=&prdSort=01&pageIdx=1&rowsPerPage=24&searchTypeSort=btn_thumb&plusButtonFlag=N&isLoginCnt=0&aShowCnt=0&bShowCnt=0&cShowCnt=0&trackingCd=Cat1000001000800040004_Small,9,1,2021-12-16 12:05:13
메이크업,10000010002,립메이크업,100000100020006, 전체,100000100020006,https://www.oliveyoung.co.kr/store/display/getMCategoryList.do?dispCatNo=100000100020006&fltDispCatNo=&prdSort=01&pageIdx=1&rowsPerPage=24&searchTypeSort=btn_thumb&plusButtonFlag=N&isLoginCnt=0&aShowCnt=0&bShowCnt=0&cShowCnt=0&trackingCd=Cat100000100020006_Small,233,5,2021-12-16 12:05:16
메이크업,10000010002,립메이크업,100000100020006,립글로스,1000001000200060002,https://www.oliveyoung.co.kr/store/display/getMCategoryList.do?dispCatNo=1000001000200060002&fltDispCatNo=&prdSort=01&pageIdx=1&rowsPerPage=24&searchTypeSort=btn_thumb&plusButtonFlag=N&isLoginCnt=0&aShowCnt=0&bShowCnt=0&cShowCnt=0&trackingCd=Cat1000001000200060002_Small,12,1,2021-12-16 12:05:16
메이크업,10000010002,립메이크업,100000100020006,립라이너,1000001000200060005,https://www.oliveyoung.co.kr/store/display/getMCategoryList.do?dispCatNo=1000001000200060005&fltDispCatNo=&prdSort=01&pageIdx=1&rowsPerPage=24&searchTypeSort=btn_thumb&plusButtonFlag=N&isLoginCnt=0&aShowCnt=0&bShowCnt=0&cShowCnt=0&trackingCd=Cat1000001000200060005_Small,0,1,2021-12-16 12:05:17
메이크업,10000010002,립메이크업,100000100020006,립밤,1000001000200060001,https://www.oliveyoung.co.kr/store/display/getMCategoryList.do?dispCatNo=1000001000200060001&fltDispCatNo=&prdSort=01&pageIdx=1&rowsPerPage=24&searchTypeSort=btn_thumb&plusButtonFlag=N&isLoginCnt=0&aShowCnt=0&bShowCnt=0&cShowCnt=0&trackingCd=Cat1000001000200060001_Small,24,1,2021-12-16 12:05:17
메이크업,10000010002,립메이크업,100000100020006,립스틱,1000001000200060004,https://www.oliveyoung.co.kr/store/display/getMCategoryList.do?dispCatNo=1000001000200060004&fltDispCatNo=&prdSort=01&pageIdx=1&rowsPerPage=24&searchTypeSort=btn_thumb&plusButtonFlag=N&isLoginCnt=0&aShowCnt=0&bShowCnt=0&cShowCnt=0&trackingCd=Cat1000001000200060004_Small,73,2,2021-12-16 12:05:18
메이크업,10000010002,립메이크업,100000100020006,립틴트,1000001000200060003,https://www.oliveyoung.co.kr/store/display/getMCategoryList.do?dispCatNo=1000001000200060003&fltDispCatNo=&prdSort=01&pageIdx=1&rowsPerPage=24&searchTypeSort=btn_thumb&plusButtonFlag=N&isLoginCnt=0&aShowCnt=0&bShowCnt=0&cShowCnt=0&trackingCd=Cat1000001000200060003_Small,124,3,2021-12-16 12:05:18
메이크업,10000010002,베이스메이크업,100000100020001, 전체,100000100020001,https://www.oliveyoung.co.kr/store/display/getMCategoryList.do?dispCatNo=100000100020001&fltDispCatNo=&prdSort=01&pageIdx=1&rowsPerPage=24&searchTypeSort=btn_thumb&plusButtonFlag=N&isLoginCnt=0&aShowCnt=0&bShowCnt=0&cShowCnt=0&trackingCd=Cat100000100020001_Small,527,11,2021-12-16 12:05:19
메이크업,10000010002,베이스메이크업,100000100020001,BB/CC,1000001000200010001,https://www.oliveyoung.co.kr/store/display/getMCategoryList.do?dispCatNo=1000001000200010001&fltDispCatNo=&prdSort=01&pageIdx=1&rowsPerPage=24&searchTypeSort=btn_thumb&plusButtonFlag=N&isLoginCnt=0&aShowCnt=0&bShowCnt=0&cShowCnt=0&trackingCd=Cat1000001000200010001_Small,35,1,2021-12-16 12:05:20
메이크업,10000010002,베이스메이크업,100000100020001,블러셔/치크,1000001000200010006,https://www.oliveyoung.co.kr/store/display/getMCategoryList.do?dispCatNo=1000001000200010006&fltDispCatNo=&prdSort=01&pageIdx=1&rowsPerPage=24&searchTypeSort=btn_thumb&plusButtonFlag=N&isLoginCnt=0&aShowCnt=0&bShowCnt=0&cShowCnt=0&trackingCd=Cat1000001000200010006_Small,62,2,2021-12-16 12:05:20
메이크업,10000010002,베이스메이크업,100000100020001,쉐이딩/컨투어링,1000001000200010007,https://www.oliveyoung.co.kr/store/display/getMCategoryList.do?dispCatNo=1000001000200010007&fltDispCatNo=&prdSort=01&pageIdx=1&rowsPerPage=24&searchTypeSort=btn_thumb&plusButtonFlag=N&isLoginCnt=0&aShowCnt=0&bShowCnt=0&cShowCnt=0&trackingCd=Cat1000001000200010007_Small,21,1,2021-12-16 12:05:21
메이크업,10000010002,베이스메이크업,100000100020001,컨실러,1000001000200010005,https://www.oliveyoung.co.kr/store/display/getMCategoryList.do?dispCatNo=1000001000200010005&fltDispCatNo=&prdSort=01&pageIdx=1&rowsPerPage=24&searchTypeSort=btn_thumb&plusButtonFlag=N&isLoginCnt=0&aShowCnt=0&bShowCnt=0&cShowCnt=0&trackingCd=Cat1000001000200010005_Small,46,1,2021-12-16 12:05:21
메이크업,10000010002,베이스메이크업,100000100020001,쿠션,1000001000200010009,https://www.oliveyoung.co.kr/store/display/getMCategoryList.do?dispCatNo=1000001000200010009&fltDispCatNo=&prdSort=01&pageIdx=1&rowsPerPage=24&searchTypeSort=btn_thumb&plusButtonFlag=N&isLoginCnt=0&aShowCnt=0&bShowCnt=0&cShowCnt=0&trackingCd=Cat1000001000200010009_Small,119,3,2021-12-16 12:05:22
메이크업,10000010002,베이스메이크업,100000100020001,파우더/팩트,1000001000200010004,https://www.oliveyoung.co.kr/store/display/getMCategoryList.do?dispCatNo=1000001000200010004&fltDispCatNo=&prdSort=01&pageIdx=1&rowsPerPage=24&searchTypeSort=btn_thumb&plusButtonFlag=N&isLoginCnt=0&aShowCnt=0&bShowCnt=0&cShowCnt=0&trackingCd=Cat1000001000200010004_Small,42,1,2021-12-16 12:05:22
메이크업,10000010002,베이스메이크업,100000100020001,파운데이션,1000001000200010002,https://www.oliveyoung.co.kr/store/display/getMCategoryList.do?dispCatNo=1000001000200010002&fltDispCatNo=&prdSort=01&pageIdx=1&rowsPerPage=24&searchTypeSort=btn_thumb&plusButtonFlag=N&isLoginCnt=0&aShowCnt=0&bShowCnt=0&cShowCnt=0&trackingCd=Cat1000001000200010002_Small,81,2,2021-12-16 12:05:22
메이크업,10000010002,베이스메이크업,100000100020001,프라이머/베이스,1000001000200010003,https://www.oliveyoung.co.kr/store/display/getMCategoryList.do?dispCatNo=1000001000200010003&fltDispCatNo=&prdSort=01&pageIdx=1&rowsPerPage=24&searchTypeSort=btn_thumb&plusButtonFlag=N&isLoginCnt=0&aShowCnt=0&bShowCnt=0&cShowCnt=0&trackingCd=Cat1000001000200010003_Small,85,2,2021-12-16 12:05:23
메이크업,10000010002,베이스메이크업,100000100020001,픽서,1000001000200010010,https://www.oliveyoung.co.kr/store/display/getMCategoryList.do?dispCatNo=1000001000200010010&fltDispCatNo=&prdSort=01&pageIdx=1&rowsPerPage=24&searchTypeSort=btn_thumb&plusButtonFlag=N&isLoginCnt=0&aShowCnt=0&bShowCnt=0&cShowCnt=0&trackingCd=Cat1000001000200010010_Small,19,1,2021-12-16 12:05:23
메이크업,10000010002,베이스메이크업,100000100020001,하이라이터,1000001000200010008,https://www.oliveyoung.co.kr/store/display/getMCategoryList.do?dispCatNo=1000001000200010008&fltDispCatNo=&prdSort=01&pageIdx=1&rowsPerPage=24&searchTypeSort=btn_thumb&plusButtonFlag=N&isLoginCnt=0&aShowCnt=0&bShowCnt=0&cShowCnt=0&trackingCd=Cat1000001000200010008_Small,21,1,2021-12-16 12:05:24
메이크업,10000010002,아이메이크업,100000100020007, 전체,100000100020007,https://www.oliveyoung.co.kr/store/display/getMCategoryList.do?dispCatNo=100000100020007&fltDispCatNo=&prdSort=01&pageIdx=1&rowsPerPage=24&searchTypeSort=btn_thumb&plusButtonFlag=N&isLoginCnt=0&aShowCnt=0&bShowCnt=0&cShowCnt=0&trackingCd=Cat100000100020007_Small,467,10,2021-12-16 12:05:25
메이크업,10000010002,아이메이크업,100000100020007,마스카라,1000001000200070001,https://www.oliveyoung.co.kr/store/display/getMCategoryList.do?dispCatNo=1000001000200070001&fltDispCatNo=&prdSort=01&pageIdx=1&rowsPerPage=24&searchTypeSort=btn_thumb&plusButtonFlag=N&isLoginCnt=0&aShowCnt=0&bShowCnt=0&cShowCnt=0&trackingCd=Cat1000001000200070001_Small,114,3,2021-12-16 12:05:25
메이크업,10000010002,아이메이크업,100000100020007,메이크업세트,1000001000200070005,https://www.oliveyoung.co.kr/store/display/getMCategoryList.do?dispCatNo=1000001000200070005&fltDispCatNo=&prdSort=01&pageIdx=1&rowsPerPage=24&searchTypeSort=btn_thumb&plusButtonFlag=N&isLoginCnt=0&aShowCnt=0&bShowCnt=0&cShowCnt=0&trackingCd=Cat1000001000200070005_Small,11,1,2021-12-16 12:05:26
메이크업,10000010002,아이메이크업,100000100020007,아이라이너,1000001000200070002,https://www.oliveyoung.co.kr/store/display/getMCategoryList.do?dispCatNo=1000001000200070002&fltDispCatNo=&prdSort=01&pageIdx=1&rowsPerPage=24&searchTypeSort=btn_thumb&plusButtonFlag=N&isLoginCnt=0&aShowCnt=0&bShowCnt=0&cShowCnt=0&trackingCd=Cat1000001000200070002_Small,91,2,2021-12-16 12:05:26
메이크업,10000010002,아이메이크업,100000100020007,아이브로우,1000001000200070004,https://www.oliveyoung.co.kr/store/display/getMCategoryList.do?dispCatNo=1000001000200070004&fltDispCatNo=&prdSort=01&pageIdx=1&rowsPerPage=24&searchTypeSort=btn_thumb&plusButtonFlag=N&isLoginCnt=0&aShowCnt=0&bShowCnt=0&cShowCnt=0&trackingCd=Cat1000001000200070004_Small,96,3,2021-12-16 12:05:27
메이크업,10000010002,아이메이크업,100000100020007,아이섀도우/팔레트,1000001000200070003,https://www.oliveyoung.co.kr/store/display/getMCategoryList.do?dispCatNo=1000001000200070003&fltDispCatNo=&prdSort=01&pageIdx=1&rowsPerPage=24&searchTypeSort=btn_thumb&plusButtonFlag=N&isLoginCnt=0&aShowCnt=0&bShowCnt=0&cShowCnt=0&trackingCd=Cat1000001000200070003_Small,155,4,2021-12-16 12:05:27
네일,10000010012,네일용품,100000100120001, 전체,100000100120001,https://www.oliveyoung.co.kr/store/display/getMCategoryList.do?dispCatNo=100000100120001&fltDispCatNo=&prdSort=01&pageIdx=1&rowsPerPage=24&searchTypeSort=btn_thumb&plusButtonFlag=N&isLoginCnt=0&aShowCnt=0&bShowCnt=0&cShowCnt=0&trackingCd=Cat100000100120001_Small,494,11,2021-12-16 12:05:30
네일,10000010012,네일용품,100000100120001,네일 팁,1000001001200010001,https://www.oliveyoung.co.kr/store/display/getMCategoryList.do?dispCatNo=1000001001200010001&fltDispCatNo=&prdSort=01&pageIdx=1&rowsPerPage=24&searchTypeSort=btn_thumb&plusButtonFlag=N&isLoginCnt=0&aShowCnt=0&bShowCnt=0&cShowCnt=0&trackingCd=Cat1000001001200010001_Small,265,6,2021-12-16 12:05:30
네일,10000010012,네일용품,100000100120001,네일 스티커,1000001001200010002,https://www.oliveyoung.co.kr/store/display/getMCategoryList.do?dispCatNo=1000001001200010002&fltDispCatNo=&prdSort=01&pageIdx=1&rowsPerPage=24&searchTypeSort=btn_thumb&plusButtonFlag=N&isLoginCnt=0&aShowCnt=0&bShowCnt=0&cShowCnt=0&trackingCd=Cat1000001001200010002_Small,283,6,2021-12-16 12:05:31
네일,10000010012,네일용품,100000100120001,네일 폴리쉬,1000001001200010003,https://www.oliveyoung.co.kr/store/display/getMCategoryList.do?dispCatNo=1000001001200010003&fltDispCatNo=&prdSort=01&pageIdx=1&rowsPerPage=24&searchTypeSort=btn_thumb&plusButtonFlag=N&isLoginCnt=0&aShowCnt=0&bShowCnt=0&cShowCnt=0&trackingCd=Cat1000001001200010003_Small,51,2,2021-12-16 12:05:31
네일,10000010012,네일용품,100000100120001,젤 폴리쉬,1000001001200010004,https://www.oliveyoung.co.kr/store/display/getMCategoryList.do?dispCatNo=1000001001200010004&fltDispCatNo=&prdSort=01&pageIdx=1&rowsPerPage=24&searchTypeSort=btn_thumb&plusButtonFlag=N&isLoginCnt=0&aShowCnt=0&bShowCnt=0&cShowCnt=0&trackingCd=Cat1000001001200010004_Small,34,1,2021-12-16 12:05:32
네일,10000010012,네일용품,100000100120001,키즈,1000001001200010005,https://www.oliveyoung.co.kr/store/display/getMCategoryList.do?dispCatNo=1000001001200010005&fltDispCatNo=&prdSort=01&pageIdx=1&rowsPerPage=24&searchTypeSort=btn_thumb&plusButtonFlag=N&isLoginCnt=0&aShowCnt=0&bShowCnt=0&cShowCnt=0&trackingCd=Cat1000001001200010005_Small,182,4,2021-12-16 12:05:32
네일,10000010012,페디용품,100000100120002, 전체,100000100120002,https://www.oliveyoung.co.kr/store/display/getMCategoryList.do?dispCatNo=100000100120002&fltDispCatNo=&prdSort=01&pageIdx=1&rowsPerPage=24&searchTypeSort=btn_thumb&plusButtonFlag=N&isLoginCnt=0&aShowCnt=0&bShowCnt=0&cShowCnt=0&trackingCd=Cat100000100120002_Small,290,7,2021-12-16 12:05:33
네일,10000010012,페디용품,100000100120002,페디 팁,1000001001200020001,https://www.oliveyoung.co.kr/store/display/getMCategoryList.do?dispCatNo=1000001001200020001&fltDispCatNo=&prdSort=01&pageIdx=1&rowsPerPage=24&searchTypeSort=btn_thumb&plusButtonFlag=N&isLoginCnt=0&aShowCnt=0&bShowCnt=0&cShowCnt=0&trackingCd=Cat1000001001200020001_Small,241,6,2021-12-16 12:05:34
네일,10000010012,페디용품,100000100120002,페디 스티커,1000001001200020002,https://www.oliveyoung.co.kr/store/display/getMCategoryList.do?dispCatNo=1000001001200020002&fltDispCatNo=&prdSort=01&pageIdx=1&rowsPerPage=24&searchTypeSort=btn_thumb&plusButtonFlag=N&isLoginCnt=0&aShowCnt=0&bShowCnt=0&cShowCnt=0&trackingCd=Cat1000001001200020002_Small,209,5,2021-12-16 12:05:34
네일,10000010012,케어,100000100120003, 전체,100000100120003,https://www.oliveyoung.co.kr/store/display/getMCategoryList.do?dispCatNo=100000100120003&fltDispCatNo=&prdSort=01&pageIdx=1&rowsPerPage=24&searchTypeSort=btn_thumb&plusButtonFlag=N&isLoginCnt=0&aShowCnt=0&bShowCnt=0&cShowCnt=0&trackingCd=Cat100000100120003_Small,104,3,2021-12-16 12:05:35
네일,10000010012,케어,100000100120003,리무버,1000001001200030001,https://www.oliveyoung.co.kr/store/display/getMCategoryList.do?dispCatNo=1000001001200030001&fltDispCatNo=&prdSort=01&pageIdx=1&rowsPerPage=24&searchTypeSort=btn_thumb&plusButtonFlag=N&isLoginCnt=0&aShowCnt=0&bShowCnt=0&cShowCnt=0&trackingCd=Cat1000001001200030001_Small,59,2,2021-12-16 12:05:36
네일,10000010012,케어,100000100120003,베이스/탑코트,1000001001200030002,https://www.oliveyoung.co.kr/store/display/getMCategoryList.do?dispCatNo=1000001001200030002&fltDispCatNo=&prdSort=01&pageIdx=1&rowsPerPage=24&searchTypeSort=btn_thumb&plusButtonFlag=N&isLoginCnt=0&aShowCnt=0&bShowCnt=0&cShowCnt=0&trackingCd=Cat1000001001200030002_Small,61,2,2021-12-16 12:05:37
네일,10000010012,케어,100000100120003,에센스/세럼/오일,1000001001200030003,https://www.oliveyoung.co.kr/store/display/getMCategoryList.do?dispCatNo=1000001001200030003&fltDispCatNo=&prdSort=01&pageIdx=1&rowsPerPage=24&searchTypeSort=btn_thumb&plusButtonFlag=N&isLoginCnt=0&aShowCnt=0&bShowCnt=0&cShowCnt=0&trackingCd=Cat1000001001200030003_Small,14,1,2021-12-16 12:05:37
네일,10000010012,케어,100000100120003,영양/강화제,1000001001200030004,https://www.oliveyoung.co.kr/store/display/getMCategoryList.do?dispCatNo=1000001001200030004&fltDispCatNo=&prdSort=01&pageIdx=1&rowsPerPage=24&searchTypeSort=btn_thumb&plusButtonFlag=N&isLoginCnt=0&aShowCnt=0&bShowCnt=0&cShowCnt=0&trackingCd=Cat1000001001200030004_Small,18,1,2021-12-16 12:05:37
네일,10000010012,케어,100000100120003,큐티클 관리용품,1000001001200030005,https://www.oliveyoung.co.kr/store/display/getMCategoryList.do?dispCatNo=1000001001200030005&fltDispCatNo=&prdSort=01&pageIdx=1&rowsPerPage=24&searchTypeSort=btn_thumb&plusButtonFlag=N&isLoginCnt=0&aShowCnt=0&bShowCnt=0&cShowCnt=0&trackingCd=Cat1000001001200030005_Small,54,2,2021-12-16 12:05:38
바디케어,10000010003,립케어,100000100030008, 전체,100000100030008,https://www.oliveyoung.co.kr/store/display/getMCategoryList.do?dispCatNo=100000100030008&fltDispCatNo=&prdSort=01&pageIdx=1&rowsPerPage=24&searchTypeSort=btn_thumb&plusButtonFlag=N&isLoginCnt=0&aShowCnt=0&bShowCnt=0&cShowCnt=0&trackingCd=Cat100000100030008_Small,265,6,2021-12-16 12:05:40
바디케어,10000010003,립케어,100000100030008,립케어(밤),1000001000300080003,https://www.oliveyoung.co.kr/store/display/getMCategoryList.do?dispCatNo=1000001000300080003&fltDispCatNo=&prdSort=01&pageIdx=1&rowsPerPage=24&searchTypeSort=btn_thumb&plusButtonFlag=N&isLoginCnt=0&aShowCnt=0&bShowCnt=0&cShowCnt=0&trackingCd=Cat1000001000300080003_Small,70,2,2021-12-16 12:05:41
바디케어,10000010003,립케어,100000100030008,립케어(스틱),1000001000300080001,https://www.oliveyoung.co.kr/store/display/getMCategoryList.do?dispCatNo=1000001000300080001&fltDispCatNo=&prdSort=01&pageIdx=1&rowsPerPage=24&searchTypeSort=btn_thumb&plusButtonFlag=N&isLoginCnt=0&aShowCnt=0&bShowCnt=0&cShowCnt=0&trackingCd=Cat1000001000300080001_Small,164,4,2021-12-16 12:05:41
바디케어,10000010003,립케어,100000100030008,립케어(튜브),1000001000300080002,https://www.oliveyoung.co.kr/store/display/getMCategoryList.do?dispCatNo=1000001000300080002&fltDispCatNo=&prdSort=01&pageIdx=1&rowsPerPage=24&searchTypeSort=btn_thumb&plusButtonFlag=N&isLoginCnt=0&aShowCnt=0&bShowCnt=0&cShowCnt=0&trackingCd=Cat1000001000300080002_Small,33,1,2021-12-16 12:05:42
바디케어,10000010003,로션/크림,100000100030004, 전체,100000100030004,https://www.oliveyoung.co.kr/store/display/getMCategoryList.do?dispCatNo=100000100030004&fltDispCatNo=&prdSort=01&pageIdx=1&rowsPerPage=24&searchTypeSort=btn_thumb&plusButtonFlag=N&isLoginCnt=0&aShowCnt=0&bShowCnt=0&cShowCnt=0&trackingCd=Cat100000100030004_Small,464,10,2021-12-16 12:05:43
바디케어,10000010003,로션/크림,100000100030004,바디로션,1000001000300040001,https://www.oliveyoung.co.kr/store/display/getMCategoryList.do?dispCatNo=1000001000300040001&fltDispCatNo=&prdSort=01&pageIdx=1&rowsPerPage=24&searchTypeSort=btn_thumb&plusButtonFlag=N&isLoginCnt=0&aShowCnt=0&bShowCnt=0&cShowCnt=0&trackingCd=Cat1000001000300040001_Small,342,8,2021-12-16 12:05:44
바디케어,10000010003,로션/크림,100000100030004,바디크림,1000001000300040002,https://www.oliveyoung.co.kr/store/display/getMCategoryList.do?dispCatNo=1000001000300040002&fltDispCatNo=&prdSort=01&pageIdx=1&rowsPerPage=24&searchTypeSort=btn_thumb&plusButtonFlag=N&isLoginCnt=0&aShowCnt=0&bShowCnt=0&cShowCnt=0&trackingCd=Cat1000001000300040002_Small,116,3,2021-12-16 12:05:44
바디케어,10000010003,로션/크림,100000100030004,바디파우더,1000001000300040004,https://www.oliveyoung.co.kr/store/display/getMCategoryList.do?dispCatNo=1000001000300040004&fltDispCatNo=&prdSort=01&pageIdx=1&rowsPerPage=24&searchTypeSort=btn_thumb&plusButtonFlag=N&isLoginCnt=0&aShowCnt=0&bShowCnt=0&cShowCnt=0&trackingCd=Cat1000001000300040004_Small,10,1,2021-12-16 12:05:45
바디케어,10000010003,워시/스크럽,100000100030005, 전체,100000100030005,https://www.oliveyoung.co.kr/store/display/getMCategoryList.do?dispCatNo=100000100030005&fltDispCatNo=&prdSort=01&pageIdx=1&rowsPerPage=24&searchTypeSort=btn_thumb&plusButtonFlag=N&isLoginCnt=0&aShowCnt=0&bShowCnt=0&cShowCnt=0&trackingCd=Cat100000100030005_Small,539,12,2021-12-16 12:05:46
바디케어,10000010003,워시/스크럽,100000100030005,바디스크럽,1000001000300050002,https://www.oliveyoung.co.kr/store/display/getMCategoryList.do?dispCatNo=1000001000300050002&fltDispCatNo=&prdSort=01&pageIdx=1&rowsPerPage=24&searchTypeSort=btn_thumb&plusButtonFlag=N&isLoginCnt=0&aShowCnt=0&bShowCnt=0&cShowCnt=0&trackingCd=Cat1000001000300050002_Small,68,2,2021-12-16 12:05:46
바디케어,10000010003,워시/스크럽,100000100030005,바디워시,1000001000300050001,https://www.oliveyoung.co.kr/store/display/getMCategoryList.do?dispCatNo=1000001000300050001&fltDispCatNo=&prdSort=01&pageIdx=1&rowsPerPage=24&searchTypeSort=btn_thumb&plusButtonFlag=N&isLoginCnt=0&aShowCnt=0&bShowCnt=0&cShowCnt=0&trackingCd=Cat1000001000300050001_Small,378,8,2021-12-16 12:05:47
바디케어,10000010003,워시/스크럽,100000100030005,비누,1000001000300050004,https://www.oliveyoung.co.kr/store/display/getMCategoryList.do?dispCatNo=1000001000300050004&fltDispCatNo=&prdSort=01&pageIdx=1&rowsPerPage=24&searchTypeSort=btn_thumb&plusButtonFlag=N&isLoginCnt=0&aShowCnt=0&bShowCnt=0&cShowCnt=0&trackingCd=Cat1000001000300050004_Small,37,1,2021-12-16 12:05:47
바디케어,10000010003,워시/스크럽,100000100030005,입욕제,1000001000300050003,https://www.oliveyoung.co.kr/store/display/getMCategoryList.do?dispCatNo=1000001000300050003&fltDispCatNo=&prdSort=01&pageIdx=1&rowsPerPage=24&searchTypeSort=btn_thumb&plusButtonFlag=N&isLoginCnt=0&aShowCnt=0&bShowCnt=0&cShowCnt=0&trackingCd=Cat1000001000300050003_Small,57,2,2021-12-16 12:05:48
바디케어,10000010003,미스트/오일,100000100030006, 전체,100000100030006,https://www.oliveyoung.co.kr/store/display/getMCategoryList.do?dispCatNo=100000100030006&fltDispCatNo=&prdSort=01&pageIdx=1&rowsPerPage=24&searchTypeSort=btn_thumb&plusButtonFlag=N&isLoginCnt=0&aShowCnt=0&bShowCnt=0&cShowCnt=0&trackingCd=Cat100000100030006_Small,186,4,2021-12-16 12:05:49
바디케어,10000010003,미스트/오일,100000100030006,바디미스트,1000001000300060002,https://www.oliveyoung.co.kr/store/display/getMCategoryList.do?dispCatNo=1000001000300060002&fltDispCatNo=&prdSort=01&pageIdx=1&rowsPerPage=24&searchTypeSort=btn_thumb&plusButtonFlag=N&isLoginCnt=0&aShowCnt=0&bShowCnt=0&cShowCnt=0&trackingCd=Cat1000001000300060002_Small,137,3,2021-12-16 12:05:49
바디케어,10000010003,미스트/오일,100000100030006,바디오일,1000001000300060001,https://www.oliveyoung.co.kr/store/display/getMCategoryList.do?dispCatNo=1000001000300060001&fltDispCatNo=&prdSort=01&pageIdx=1&rowsPerPage=24&searchTypeSort=btn_thumb&plusButtonFlag=N&isLoginCnt=0&aShowCnt=0&bShowCnt=0&cShowCnt=0&trackingCd=Cat1000001000300060001_Small,49,2,2021-12-16 12:05:50
바디케어,10000010003,핸드/풋,100000100030007, 전체,100000100030007,https://www.oliveyoung.co.kr/store/display/getMCategoryList.do?dispCatNo=100000100030007&fltDispCatNo=&prdSort=01&pageIdx=1&rowsPerPage=24&searchTypeSort=btn_thumb&plusButtonFlag=N&isLoginCnt=0&aShowCnt=0&bShowCnt=0&cShowCnt=0&trackingCd=Cat100000100030007_Small,560,12,2021-12-16 12:05:51
바디케어,10000010003,핸드/풋,100000100030007,핸드크림,1000001000300070001,https://www.oliveyoung.co.kr/store/display/getMCategoryList.do?dispCatNo=1000001000300070001&fltDispCatNo=&prdSort=01&pageIdx=1&rowsPerPage=24&searchTypeSort=btn_thumb&plusButtonFlag=N&isLoginCnt=0&aShowCnt=0&bShowCnt=0&cShowCnt=0&trackingCd=Cat1000001000300070001_Small,296,7,2021-12-16 12:05:51
바디케어,10000010003,핸드/풋,100000100030007,핸드워시,1000001000300070003,https://www.oliveyoung.co.kr/store/display/getMCategoryList.do?dispCatNo=1000001000300070003&fltDispCatNo=&prdSort=01&pageIdx=1&rowsPerPage=24&searchTypeSort=btn_thumb&plusButtonFlag=N&isLoginCnt=0&aShowCnt=0&bShowCnt=0&cShowCnt=0&trackingCd=Cat1000001000300070003_Small,99,3,2021-12-16 12:05:52
바디케어,10000010003,핸드/풋,100000100030007,기획세트,1000001000300070004,https://www.oliveyoung.co.kr/store/display/getMCategoryList.do?dispCatNo=1000001000300070004&fltDispCatNo=&prdSort=01&pageIdx=1&rowsPerPage=24&searchTypeSort=btn_thumb&plusButtonFlag=N&isLoginCnt=0&aShowCnt=0&bShowCnt=0&cShowCnt=0&trackingCd=Cat1000001000300070004_Small,33,1,2021-12-16 12:05:52
바디케어,10000010003,핸드/풋,100000100030007,핸드마스크,1000001000300070002,https://www.oliveyoung.co.kr/store/display/getMCategoryList.do?dispCatNo=1000001000300070002&fltDispCatNo=&prdSort=01&pageIdx=1&rowsPerPage=24&searchTypeSort=btn_thumb&plusButtonFlag=N&isLoginCnt=0&aShowCnt=0&bShowCnt=0&cShowCnt=0&trackingCd=Cat1000001000300070002_Small,4,1,2021-12-16 12:05:53
바디케어,10000010003,핸드/풋,100000100030007,발/다리보습용품,1000001000300070005,https://www.oliveyoung.co.kr/store/display/getMCategoryList.do?dispCatNo=1000001000300070005&fltDispCatNo=&prdSort=01&pageIdx=1&rowsPerPage=24&searchTypeSort=btn_thumb&plusButtonFlag=N&isLoginCnt=0&aShowCnt=0&bShowCnt=0&cShowCnt=0&trackingCd=Cat1000001000300070005_Small,27,1,2021-12-16 12:05:53
바디케어,10000010003,핸드/풋,100000100030007,발/다리세정용품,1000001000300070006,https://www.oliveyoung.co.kr/store/display/getMCategoryList.do?dispCatNo=1000001000300070006&fltDispCatNo=&prdSort=01&pageIdx=1&rowsPerPage=24&searchTypeSort=btn_thumb&plusButtonFlag=N&isLoginCnt=0&aShowCnt=0&bShowCnt=0&cShowCnt=0&trackingCd=Cat1000001000300070006_Small,21,1,2021-12-16 12:05:54
바디케어,10000010003,핸드/풋,100000100030007,발/다리피로회복용품,1000001000300070007,https://www.oliveyoung.co.kr/store/display/getMCategoryList.do?dispCatNo=1000001000300070007&fltDispCatNo=&prdSort=01&pageIdx=1&rowsPerPage=24&searchTypeSort=btn_thumb&plusButtonFlag=N&isLoginCnt=0&aShowCnt=0&bShowCnt=0&cShowCnt=0&trackingCd=Cat1000001000300070007_Small,37,1,2021-12-16 12:05:54
바디케어,10000010003,핸드/풋,100000100030007,발각질제거용품,1000001000300070009,https://www.oliveyoung.co.kr/store/display/getMCategoryList.do?dispCatNo=1000001000300070009&fltDispCatNo=&prdSort=01&pageIdx=1&rowsPerPage=24&searchTypeSort=btn_thumb&plusButtonFlag=N&isLoginCnt=0&aShowCnt=0&bShowCnt=0&cShowCnt=0&trackingCd=Cat1000001000300070009_Small,54,2,2021-12-16 12:05:55
바디케어,10000010003,핸드/풋,100000100030007,발냄새제거용품,1000001000300070010,https://www.oliveyoung.co.kr/store/display/getMCategoryList.do?dispCatNo=1000001000300070010&fltDispCatNo=&prdSort=01&pageIdx=1&rowsPerPage=24&searchTypeSort=btn_thumb&plusButtonFlag=N&isLoginCnt=0&aShowCnt=0&bShowCnt=0&cShowCnt=0&trackingCd=Cat1000001000300070010_Small,20,1,2021-12-16 12:05:55
바디케어,10000010003,핸드/풋,100000100030007,발톱영양제,1000001000300070008,https://www.oliveyoung.co.kr/store/display/getMCategoryList.do?dispCatNo=1000001000300070008&fltDispCatNo=&prdSort=01&pageIdx=1&rowsPerPage=24&searchTypeSort=btn_thumb&plusButtonFlag=N&isLoginCnt=0&aShowCnt=0&bShowCnt=0&cShowCnt=0&trackingCd=Cat1000001000300070008_Small,3,1,2021-12-16 12:05:56
바디케어,10000010003,제모용품,100000100030013, 전체,100000100030013,https://www.oliveyoung.co.kr/store/display/getMCategoryList.do?dispCatNo=100000100030013&fltDispCatNo=&prdSort=01&pageIdx=1&rowsPerPage=24&searchTypeSort=btn_thumb&plusButtonFlag=N&isLoginCnt=0&aShowCnt=0&bShowCnt=0&cShowCnt=0&trackingCd=Cat100000100030013_Small,192,5,2021-12-16 12:05:57
바디케어,10000010003,제모용품,100000100030013,면도/제모 보조용품,1000001000300130004,https://www.oliveyoung.co.kr/store/display/getMCategoryList.do?dispCatNo=1000001000300130004&fltDispCatNo=&prdSort=01&pageIdx=1&rowsPerPage=24&searchTypeSort=btn_thumb&plusButtonFlag=N&isLoginCnt=0&aShowCnt=0&bShowCnt=0&cShowCnt=0&trackingCd=Cat1000001000300130004_Small,54,2,2021-12-16 12:05:58
바디케어,10000010003,제모용품,100000100030013,면도기,1000001000300130001,https://www.oliveyoung.co.kr/store/display/getMCategoryList.do?dispCatNo=1000001000300130001&fltDispCatNo=&prdSort=01&pageIdx=1&rowsPerPage=24&searchTypeSort=btn_thumb&plusButtonFlag=N&isLoginCnt=0&aShowCnt=0&bShowCnt=0&cShowCnt=0&trackingCd=Cat1000001000300130001_Small,87,2,2021-12-16 12:05:58
바디케어,10000010003,제모용품,100000100030013,면도날,1000001000300130002,https://www.oliveyoung.co.kr/store/display/getMCategoryList.do?dispCatNo=1000001000300130002&fltDispCatNo=&prdSort=01&pageIdx=1&rowsPerPage=24&searchTypeSort=btn_thumb&plusButtonFlag=N&isLoginCnt=0&aShowCnt=0&bShowCnt=0&cShowCnt=0&trackingCd=Cat1000001000300130002_Small,13,1,2021-12-16 12:05:58
바디케어,10000010003,제모용품,100000100030013,제모크림/스트립,1000001000300130003,https://www.oliveyoung.co.kr/store/display/getMCategoryList.do?dispCatNo=1000001000300130003&fltDispCatNo=&prdSort=01&pageIdx=1&rowsPerPage=24&searchTypeSort=btn_thumb&plusButtonFlag=N&isLoginCnt=0&aShowCnt=0&bShowCnt=0&cShowCnt=0&trackingCd=Cat1000001000300130003_Small,38,1,2021-12-16 12:05:59
바디케어,10000010003,데오도란트,100000100030012, 전체,100000100030012,https://www.oliveyoung.co.kr/store/display/getMCategoryList.do?dispCatNo=100000100030012&fltDispCatNo=&prdSort=01&pageIdx=1&rowsPerPage=24&searchTypeSort=btn_thumb&plusButtonFlag=N&isLoginCnt=0&aShowCnt=0&bShowCnt=0&cShowCnt=0&trackingCd=Cat100000100030012_Small,56,2,2021-12-16 12:06:00
바디케어,10000010003,데오도란트,100000100030012,데오롤온,1000001000300120003,https://www.oliveyoung.co.kr/store/display/getMCategoryList.do?dispCatNo=1000001000300120003&fltDispCatNo=&prdSort=01&pageIdx=1&rowsPerPage=24&searchTypeSort=btn_thumb&plusButtonFlag=N&isLoginCnt=0&aShowCnt=0&bShowCnt=0&cShowCnt=0&trackingCd=Cat1000001000300120003_Small,19,1,2021-12-16 12:06:01
바디케어,10000010003,데오도란트,100000100030012,데오스틱,1000001000300120002,https://www.oliveyoung.co.kr/store/display/getMCategoryList.do?dispCatNo=1000001000300120002&fltDispCatNo=&prdSort=01&pageIdx=1&rowsPerPage=24&searchTypeSort=btn_thumb&plusButtonFlag=N&isLoginCnt=0&aShowCnt=0&bShowCnt=0&cShowCnt=0&trackingCd=Cat1000001000300120002_Small,9,1,2021-12-16 12:06:01
바디케어,10000010003,데오도란트,100000100030012,데오스프레이,1000001000300120004,https://www.oliveyoung.co.kr/store/display/getMCategoryList.do?dispCatNo=1000001000300120004&fltDispCatNo=&prdSort=01&pageIdx=1&rowsPerPage=24&searchTypeSort=btn_thumb&plusButtonFlag=N&isLoginCnt=0&aShowCnt=0&bShowCnt=0&cShowCnt=0&trackingCd=Cat1000001000300120004_Small,25,1,2021-12-16 12:06:02
바디케어,10000010003,데오도란트,100000100030012,데오티슈,1000001000300120001,https://www.oliveyoung.co.kr/store/display/getMCategoryList.do?dispCatNo=1000001000300120001&fltDispCatNo=&prdSort=01&pageIdx=1&rowsPerPage=24&searchTypeSort=btn_thumb&plusButtonFlag=N&isLoginCnt=0&aShowCnt=0&bShowCnt=0&cShowCnt=0&trackingCd=Cat1000001000300120001_Small,3,1,2021-12-16 12:06:02
헤어케어,10000010004,샴푸/린스,100000100040008, 전체,100000100040008,https://www.oliveyoung.co.kr/store/display/getMCategoryList.do?dispCatNo=100000100040008&fltDispCatNo=&prdSort=01&pageIdx=1&rowsPerPage=24&searchTypeSort=btn_thumb&plusButtonFlag=N&isLoginCnt=0&aShowCnt=0&bShowCnt=0&cShowCnt=0&trackingCd=Cat100000100040008_Small,515,11,2021-12-16 12:06:05
헤어케어,10000010004,샴푸/린스,100000100040008,샴푸,1000001000400080001,https://www.oliveyoung.co.kr/store/display/getMCategoryList.do?dispCatNo=1000001000400080001&fltDispCatNo=&prdSort=01&pageIdx=1&rowsPerPage=24&searchTypeSort=btn_thumb&plusButtonFlag=N&isLoginCnt=0&aShowCnt=0&bShowCnt=0&cShowCnt=0&trackingCd=Cat1000001000400080001_Small,440,10,2021-12-16 12:06:05
헤어케어,10000010004,샴푸/린스,100000100040008,샴푸바,1000001000400080004,https://www.oliveyoung.co.kr/store/display/getMCategoryList.do?dispCatNo=1000001000400080004&fltDispCatNo=&prdSort=01&pageIdx=1&rowsPerPage=24&searchTypeSort=btn_thumb&plusButtonFlag=N&isLoginCnt=0&aShowCnt=0&bShowCnt=0&cShowCnt=0&trackingCd=Cat1000001000400080004_Small,51,2,2021-12-16 12:06:06
헤어케어,10000010004,샴푸/린스,100000100040008,드라이샴푸,1000001000400080005,https://www.oliveyoung.co.kr/store/display/getMCategoryList.do?dispCatNo=1000001000400080005&fltDispCatNo=&prdSort=01&pageIdx=1&rowsPerPage=24&searchTypeSort=btn_thumb&plusButtonFlag=N&isLoginCnt=0&aShowCnt=0&bShowCnt=0&cShowCnt=0&trackingCd=Cat1000001000400080005_Small,66,2,2021-12-16 12:06:07
헤어케어,10000010004,샴푸/린스,100000100040008,린스/컨디셔너,1000001000400080002,https://www.oliveyoung.co.kr/store/display/getMCategoryList.do?dispCatNo=1000001000400080002&fltDispCatNo=&prdSort=01&pageIdx=1&rowsPerPage=24&searchTypeSort=btn_thumb&plusButtonFlag=N&isLoginCnt=0&aShowCnt=0&bShowCnt=0&cShowCnt=0&trackingCd=Cat1000001000400080002_Small,77,2,2021-12-16 12:06:07
헤어케어,10000010004,트리트먼트/팩,100000100040007, 전체,100000100040007,https://www.oliveyoung.co.kr/store/display/getMCategoryList.do?dispCatNo=100000100040007&fltDispCatNo=&prdSort=01&pageIdx=1&rowsPerPage=24&searchTypeSort=btn_thumb&plusButtonFlag=N&isLoginCnt=0&aShowCnt=0&bShowCnt=0&cShowCnt=0&trackingCd=Cat100000100040007_Small,268,6,2021-12-16 12:06:08
헤어케어,10000010004,트리트먼트/팩,100000100040007,두피팩/스케일러,1000001000400070003,https://www.oliveyoung.co.kr/store/display/getMCategoryList.do?dispCatNo=1000001000400070003&fltDispCatNo=&prdSort=01&pageIdx=1&rowsPerPage=24&searchTypeSort=btn_thumb&plusButtonFlag=N&isLoginCnt=0&aShowCnt=0&bShowCnt=0&cShowCnt=0&trackingCd=Cat1000001000400070003_Small,28,1,2021-12-16 12:06:08
헤어케어,10000010004,트리트먼트/팩,100000100040007,헤어팩/마스크,1000001000400070004,https://www.oliveyoung.co.kr/store/display/getMCategoryList.do?dispCatNo=1000001000400070004&fltDispCatNo=&prdSort=01&pageIdx=1&rowsPerPage=24&searchTypeSort=btn_thumb&plusButtonFlag=N&isLoginCnt=0&aShowCnt=0&bShowCnt=0&cShowCnt=0&trackingCd=Cat1000001000400070004_Small,88,2,2021-12-16 12:06:09
헤어케어,10000010004,트리트먼트/팩,100000100040007,트리트먼트,1000001000400070005,https://www.oliveyoung.co.kr/store/display/getMCategoryList.do?dispCatNo=1000001000400070005&fltDispCatNo=&prdSort=01&pageIdx=1&rowsPerPage=24&searchTypeSort=btn_thumb&plusButtonFlag=N&isLoginCnt=0&aShowCnt=0&bShowCnt=0&cShowCnt=0&trackingCd=Cat1000001000400070005_Small,174,4,2021-12-16 12:06:09
헤어케어,10000010004,헤어기기,100000100040004, 전체,100000100040004,https://www.oliveyoung.co.kr/store/display/getMCategoryList.do?dispCatNo=100000100040004&fltDispCatNo=&prdSort=01&pageIdx=1&rowsPerPage=24&searchTypeSort=btn_thumb&plusButtonFlag=N&isLoginCnt=0&aShowCnt=0&bShowCnt=0&cShowCnt=0&trackingCd=Cat100000100040004_Small,156,4,2021-12-16 12:06:10
헤어케어,10000010004,헤어기기,100000100040004,탈모/두피기기,1000001000400040006,https://www.oliveyoung.co.kr/store/display/getMCategoryList.do?dispCatNo=1000001000400040006&fltDispCatNo=&prdSort=01&pageIdx=1&rowsPerPage=24&searchTypeSort=btn_thumb&plusButtonFlag=N&isLoginCnt=0&aShowCnt=0&bShowCnt=0&cShowCnt=0&trackingCd=Cat1000001000400040006_Small,8,1,2021-12-16 12:06:10
헤어케어,10000010004,헤어기기,100000100040004,헤어롤,1000001000400040007,https://www.oliveyoung.co.kr/store/display/getMCategoryList.do?dispCatNo=1000001000400040007&fltDispCatNo=&prdSort=01&pageIdx=1&rowsPerPage=24&searchTypeSort=btn_thumb&plusButtonFlag=N&isLoginCnt=0&aShowCnt=0&bShowCnt=0&cShowCnt=0&trackingCd=Cat1000001000400040007_Small,12,1,2021-12-16 12:06:11
헤어케어,10000010004,헤어기기,100000100040004,고데기,1000001000400040008,https://www.oliveyoung.co.kr/store/display/getMCategoryList.do?dispCatNo=1000001000400040008&fltDispCatNo=&prdSort=01&pageIdx=1&rowsPerPage=24&searchTypeSort=btn_thumb&plusButtonFlag=N&isLoginCnt=0&aShowCnt=0&bShowCnt=0&cShowCnt=0&trackingCd=Cat1000001000400040008_Small,96,3,2021-12-16 12:06:11
헤어케어,10000010004,헤어기기,100000100040004,드라이기,1000001000400040009,https://www.oliveyoung.co.kr/store/display/getMCategoryList.do?dispCatNo=1000001000400040009&fltDispCatNo=&prdSort=01&pageIdx=1&rowsPerPage=24&searchTypeSort=btn_thumb&plusButtonFlag=N&isLoginCnt=0&aShowCnt=0&bShowCnt=0&cShowCnt=0&trackingCd=Cat1000001000400040009_Small,42,1,2021-12-16 12:06:12
헤어케어,10000010004,헤어브러쉬,100000100040009, 전체,100000100040009,https://www.oliveyoung.co.kr/store/display/getMCategoryList.do?dispCatNo=100000100040009&fltDispCatNo=&prdSort=01&pageIdx=1&rowsPerPage=24&searchTypeSort=btn_thumb&plusButtonFlag=N&isLoginCnt=0&aShowCnt=0&bShowCnt=0&cShowCnt=0&trackingCd=Cat100000100040009_Small,122,3,2021-12-16 12:06:12
헤어케어,10000010004,헤어브러쉬,100000100040009,모발용,1000001000400090001,https://www.oliveyoung.co.kr/store/display/getMCategoryList.do?dispCatNo=1000001000400090001&fltDispCatNo=&prdSort=01&pageIdx=1&rowsPerPage=24&searchTypeSort=btn_thumb&plusButtonFlag=N&isLoginCnt=0&aShowCnt=0&bShowCnt=0&cShowCnt=0&trackingCd=Cat1000001000400090001_Small,99,3,2021-12-16 12:06:13
헤어케어,10000010004,헤어브러쉬,100000100040009,두피용,1000001000400090002,https://www.oliveyoung.co.kr/store/display/getMCategoryList.do?dispCatNo=1000001000400090002&fltDispCatNo=&prdSort=01&pageIdx=1&rowsPerPage=24&searchTypeSort=btn_thumb&plusButtonFlag=N&isLoginCnt=0&aShowCnt=0&bShowCnt=0&cShowCnt=0&trackingCd=Cat1000001000400090002_Small,28,1,2021-12-16 12:06:13
헤어케어,10000010004,염색약/펌,100000100040010, 전체,100000100040010,https://www.oliveyoung.co.kr/store/display/getMCategoryList.do?dispCatNo=100000100040010&fltDispCatNo=&prdSort=01&pageIdx=1&rowsPerPage=24&searchTypeSort=btn_thumb&plusButtonFlag=N&isLoginCnt=0&aShowCnt=0&bShowCnt=0&cShowCnt=0&trackingCd=Cat100000100040010_Small,234,5,2021-12-16 12:06:15
헤어케어,10000010004,염색약/펌,100000100040010,컬러염색,1000001000400100001,https://www.oliveyoung.co.kr/store/display/getMCategoryList.do?dispCatNo=1000001000400100001&fltDispCatNo=&prdSort=01&pageIdx=1&rowsPerPage=24&searchTypeSort=btn_thumb&plusButtonFlag=N&isLoginCnt=0&aShowCnt=0&bShowCnt=0&cShowCnt=0&trackingCd=Cat1000001000400100001_Small,183,4,2021-12-16 12:06:15
헤어케어,10000010004,염색약/펌,100000100040010,새치염색,1000001000400100002,https://www.oliveyoung.co.kr/store/display/getMCategoryList.do?dispCatNo=1000001000400100002&fltDispCatNo=&prdSort=01&pageIdx=1&rowsPerPage=24&searchTypeSort=btn_thumb&plusButtonFlag=N&isLoginCnt=0&aShowCnt=0&bShowCnt=0&cShowCnt=0&trackingCd=Cat1000001000400100002_Small,68,2,2021-12-16 12:06:16
헤어케어,10000010004,염색약/펌,100000100040010,파마,1000001000400100003,https://www.oliveyoung.co.kr/store/display/getMCategoryList.do?dispCatNo=1000001000400100003&fltDispCatNo=&prdSort=01&pageIdx=1&rowsPerPage=24&searchTypeSort=btn_thumb&plusButtonFlag=N&isLoginCnt=0&aShowCnt=0&bShowCnt=0&cShowCnt=0&trackingCd=Cat1000001000400100003_Small,6,1,2021-12-16 12:06:16
헤어케어,10000010004,염색약/펌,100000100040010,탈색,1000001000400100005,https://www.oliveyoung.co.kr/store/display/getMCategoryList.do?dispCatNo=1000001000400100005&fltDispCatNo=&prdSort=01&pageIdx=1&rowsPerPage=24&searchTypeSort=btn_thumb&plusButtonFlag=N&isLoginCnt=0&aShowCnt=0&bShowCnt=0&cShowCnt=0&trackingCd=Cat1000001000400100005_Small,29,1,2021-12-16 12:06:17
헤어케어,10000010004,염색약/펌,100000100040010,헤어메이크업,1000001000400100006,https://www.oliveyoung.co.kr/store/display/getMCategoryList.do?dispCatNo=1000001000400100006&fltDispCatNo=&prdSort=01&pageIdx=1&rowsPerPage=24&searchTypeSort=btn_thumb&plusButtonFlag=N&isLoginCnt=0&aShowCnt=0&bShowCnt=0&cShowCnt=0&trackingCd=Cat1000001000400100006_Small,40,1,2021-12-16 12:06:17
헤어케어,10000010004,스타일링,100000100040011, 전체,100000100040011,https://www.oliveyoung.co.kr/store/display/getMCategoryList.do?dispCatNo=100000100040011&fltDispCatNo=&prdSort=01&pageIdx=1&rowsPerPage=24&searchTypeSort=btn_thumb&plusButtonFlag=N&isLoginCnt=0&aShowCnt=0&bShowCnt=0&cShowCnt=0&trackingCd=Cat100000100040011_Small,183,4,2021-12-16 12:06:18
헤어케어,10000010004,스타일링,100000100040011,왁스/젤/무스,1000001000400110001,https://www.oliveyoung.co.kr/store/display/getMCategoryList.do?dispCatNo=1000001000400110001&fltDispCatNo=&prdSort=01&pageIdx=1&rowsPerPage=24&searchTypeSort=btn_thumb&plusButtonFlag=N&isLoginCnt=0&aShowCnt=0&bShowCnt=0&cShowCnt=0&trackingCd=Cat1000001000400110001_Small,116,3,2021-12-16 12:06:19
헤어케어,10000010004,스타일링,100000100040011,스프레이/픽서,1000001000400110002,https://www.oliveyoung.co.kr/store/display/getMCategoryList.do?dispCatNo=1000001000400110002&fltDispCatNo=&prdSort=01&pageIdx=1&rowsPerPage=24&searchTypeSort=btn_thumb&plusButtonFlag=N&isLoginCnt=0&aShowCnt=0&bShowCnt=0&cShowCnt=0&trackingCd=Cat1000001000400110002_Small,73,2,2021-12-16 12:06:19
헤어케어,10000010004,탈모케어,100000100040012, 전체,100000100040012,https://www.oliveyoung.co.kr/store/display/getMCategoryList.do?dispCatNo=100000100040012&fltDispCatNo=&prdSort=01&pageIdx=1&rowsPerPage=24&searchTypeSort=btn_thumb&plusButtonFlag=N&isLoginCnt=0&aShowCnt=0&bShowCnt=0&cShowCnt=0&trackingCd=Cat100000100040012_Small,118,3,2021-12-16 12:06:20
헤어케어,10000010004,탈모케어,100000100040012,헤어케어,1000001000400120001,https://www.oliveyoung.co.kr/store/display/getMCategoryList.do?dispCatNo=1000001000400120001&fltDispCatNo=&prdSort=01&pageIdx=1&rowsPerPage=24&searchTypeSort=btn_thumb&plusButtonFlag=N&isLoginCnt=0&aShowCnt=0&bShowCnt=0&cShowCnt=0&trackingCd=Cat1000001000400120001_Small,113,3,2021-12-16 12:06:21
헤어케어,10000010004,탈모케어,100000100040012,헤어가전,1000001000400120002,https://www.oliveyoung.co.kr/store/display/getMCategoryList.do?dispCatNo=1000001000400120002&fltDispCatNo=&prdSort=01&pageIdx=1&rowsPerPage=24&searchTypeSort=btn_thumb&plusButtonFlag=N&isLoginCnt=0&aShowCnt=0&bShowCnt=0&cShowCnt=0&trackingCd=Cat1000001000400120002_Small,5,1,2021-12-16 12:06:21
헤어케어,10000010004,에센스,100000100040013, 전체,100000100040013,https://www.oliveyoung.co.kr/store/display/getMCategoryList.do?dispCatNo=100000100040013&fltDispCatNo=&prdSort=01&pageIdx=1&rowsPerPage=24&searchTypeSort=btn_thumb&plusButtonFlag=N&isLoginCnt=0&aShowCnt=0&bShowCnt=0&cShowCnt=0&trackingCd=Cat100000100040013_Small,203,5,2021-12-16 12:06:22
헤어케어,10000010004,에센스,100000100040013,헤어워터,1000001000400130001,https://www.oliveyoung.co.kr/store/display/getMCategoryList.do?dispCatNo=1000001000400130001&fltDispCatNo=&prdSort=01&pageIdx=1&rowsPerPage=24&searchTypeSort=btn_thumb&plusButtonFlag=N&isLoginCnt=0&aShowCnt=0&bShowCnt=0&cShowCnt=0&trackingCd=Cat1000001000400130001_Small,29,1,2021-12-16 12:06:23
헤어케어,10000010004,에센스,100000100040013,오일/세럼,1000001000400130002,https://www.oliveyoung.co.kr/store/display/getMCategoryList.do?dispCatNo=1000001000400130002&fltDispCatNo=&prdSort=01&pageIdx=1&rowsPerPage=24&searchTypeSort=btn_thumb&plusButtonFlag=N&isLoginCnt=0&aShowCnt=0&bShowCnt=0&cShowCnt=0&trackingCd=Cat1000001000400130002_Small,62,2,2021-12-16 12:06:23
헤어케어,10000010004,에센스,100000100040013,에센스,1000001000400130003,https://www.oliveyoung.co.kr/store/display/getMCategoryList.do?dispCatNo=1000001000400130003&fltDispCatNo=&prdSort=01&pageIdx=1&rowsPerPage=24&searchTypeSort=btn_thumb&plusButtonFlag=N&isLoginCnt=0&aShowCnt=0&bShowCnt=0&cShowCnt=0&trackingCd=Cat1000001000400130003_Small,133,3,2021-12-16 12:06:23
향수/디퓨저,10000010005,여성향수,100000100050003, 전체,100000100050003,https://www.oliveyoung.co.kr/store/display/getMCategoryList.do?dispCatNo=100000100050003&fltDispCatNo=&prdSort=01&pageIdx=1&rowsPerPage=24&searchTypeSort=btn_thumb&plusButtonFlag=N&isLoginCnt=0&aShowCnt=0&bShowCnt=0&cShowCnt=0&trackingCd=Cat100000100050003_Small,515,11,2021-12-16 12:06:26
향수/디퓨저,10000010005,여성향수,100000100050003,여성향수,1000001000500030001,https://www.oliveyoung.co.kr/store/display/getMCategoryList.do?dispCatNo=1000001000500030001&fltDispCatNo=&prdSort=01&pageIdx=1&rowsPerPage=24&searchTypeSort=btn_thumb&plusButtonFlag=N&isLoginCnt=0&aShowCnt=0&bShowCnt=0&cShowCnt=0&trackingCd=Cat1000001000500030001_Small,510,11,2021-12-16 12:06:26
향수/디퓨저,10000010005,여성향수,100000100050003,향수기타,1000001000500030002,https://www.oliveyoung.co.kr/store/display/getMCategoryList.do?dispCatNo=1000001000500030002&fltDispCatNo=&prdSort=01&pageIdx=1&rowsPerPage=24&searchTypeSort=btn_thumb&plusButtonFlag=N&isLoginCnt=0&aShowCnt=0&bShowCnt=0&cShowCnt=0&trackingCd=Cat1000001000500030002_Small,5,1,2021-12-16 12:06:26
향수/디퓨저,10000010005,남성향수,100000100050004, 전체,100000100050004,https://www.oliveyoung.co.kr/store/display/getMCategoryList.do?dispCatNo=100000100050004&fltDispCatNo=&prdSort=01&pageIdx=1&rowsPerPage=24&searchTypeSort=btn_thumb&plusButtonFlag=N&isLoginCnt=0&aShowCnt=0&bShowCnt=0&cShowCnt=0&trackingCd=Cat100000100050004_Small,147,4,2021-12-16 12:06:27
향수/디퓨저,10000010005,남성향수,100000100050004,남성향수,1000001000500040001,https://www.oliveyoung.co.kr/store/display/getMCategoryList.do?dispCatNo=1000001000500040001&fltDispCatNo=&prdSort=01&pageIdx=1&rowsPerPage=24&searchTypeSort=btn_thumb&plusButtonFlag=N&isLoginCnt=0&aShowCnt=0&bShowCnt=0&cShowCnt=0&trackingCd=Cat1000001000500040001_Small,147,4,2021-12-16 12:06:28
향수/디퓨저,10000010005,캔들/디퓨저,100000100050002, 전체,100000100050002,https://www.oliveyoung.co.kr/store/display/getMCategoryList.do?dispCatNo=100000100050002&fltDispCatNo=&prdSort=01&pageIdx=1&rowsPerPage=24&searchTypeSort=btn_thumb&plusButtonFlag=N&isLoginCnt=0&aShowCnt=0&bShowCnt=0&cShowCnt=0&trackingCd=Cat100000100050002_Small,204,5,2021-12-16 12:06:29
향수/디퓨저,10000010005,캔들/디퓨저,100000100050002,디퓨져,1000001000500020002,https://www.oliveyoung.co.kr/store/display/getMCategoryList.do?dispCatNo=1000001000500020002&fltDispCatNo=&prdSort=01&pageIdx=1&rowsPerPage=24&searchTypeSort=btn_thumb&plusButtonFlag=N&isLoginCnt=0&aShowCnt=0&bShowCnt=0&cShowCnt=0&trackingCd=Cat1000001000500020002_Small,139,3,2021-12-16 12:06:29
향수/디퓨저,10000010005,캔들/디퓨저,100000100050002,캔들,1000001000500020001,https://www.oliveyoung.co.kr/store/display/getMCategoryList.do?dispCatNo=1000001000500020001&fltDispCatNo=&prdSort=01&pageIdx=1&rowsPerPage=24&searchTypeSort=btn_thumb&plusButtonFlag=N&isLoginCnt=0&aShowCnt=0&bShowCnt=0&cShowCnt=0&trackingCd=Cat1000001000500020001_Small,65,2,2021-12-16 12:06:30
미용소품,10000010006,기타소품,100000100060005, 전체,100000100060005,https://www.oliveyoung.co.kr/store/display/getMCategoryList.do?dispCatNo=100000100060005&fltDispCatNo=&prdSort=01&pageIdx=1&rowsPerPage=24&searchTypeSort=btn_thumb&plusButtonFlag=N&isLoginCnt=0&aShowCnt=0&bShowCnt=0&cShowCnt=0&trackingCd=Cat100000100060005_Small,237,5,2021-12-16 12:06:33
미용소품,10000010006,기타소품,100000100060005,공용기,1000001000600050003,https://www.oliveyoung.co.kr/store/display/getMCategoryList.do?dispCatNo=1000001000600050003&fltDispCatNo=&prdSort=01&pageIdx=1&rowsPerPage=24&searchTypeSort=btn_thumb&plusButtonFlag=N&isLoginCnt=0&aShowCnt=0&bShowCnt=0&cShowCnt=0&trackingCd=Cat1000001000600050003_Small,22,1,2021-12-16 12:06:34
미용소품,10000010006,기타소품,100000100060005,기타미용소품,1000001000600050006,https://www.oliveyoung.co.kr/store/display/getMCategoryList.do?dispCatNo=1000001000600050006&fltDispCatNo=&prdSort=01&pageIdx=1&rowsPerPage=24&searchTypeSort=btn_thumb&plusButtonFlag=N&isLoginCnt=0&aShowCnt=0&bShowCnt=0&cShowCnt=0&trackingCd=Cat1000001000600050006_Small,112,3,2021-12-16 12:06:34
미용소품,10000010006,기타소품,100000100060005,마스크준비도구,1000001000600050004,https://www.oliveyoung.co.kr/store/display/getMCategoryList.do?dispCatNo=1000001000600050004&fltDispCatNo=&prdSort=01&pageIdx=1&rowsPerPage=24&searchTypeSort=btn_thumb&plusButtonFlag=N&isLoginCnt=0&aShowCnt=0&bShowCnt=0&cShowCnt=0&trackingCd=Cat1000001000600050004_Small,3,1,2021-12-16 12:06:35
미용소품,10000010006,기타소품,100000100060005,면봉,1000001000600050001,https://www.oliveyoung.co.kr/store/display/getMCategoryList.do?dispCatNo=1000001000600050001&fltDispCatNo=&prdSort=01&pageIdx=1&rowsPerPage=24&searchTypeSort=btn_thumb&plusButtonFlag=N&isLoginCnt=0&aShowCnt=0&bShowCnt=0&cShowCnt=0&trackingCd=Cat1000001000600050001_Small,14,1,2021-12-16 12:06:35
미용소품,10000010006,기타소품,100000100060005,클렌징준비도구,1000001000600050005,https://www.oliveyoung.co.kr/store/display/getMCategoryList.do?dispCatNo=1000001000600050005&fltDispCatNo=&prdSort=01&pageIdx=1&rowsPerPage=24&searchTypeSort=btn_thumb&plusButtonFlag=N&isLoginCnt=0&aShowCnt=0&bShowCnt=0&cShowCnt=0&trackingCd=Cat1000001000600050005_Small,30,1,2021-12-16 12:06:36
미용소품,10000010006,기타소품,100000100060005,화장솜,1000001000600050002,https://www.oliveyoung.co.kr/store/display/getMCategoryList.do?dispCatNo=1000001000600050002&fltDispCatNo=&prdSort=01&pageIdx=1&rowsPerPage=24&searchTypeSort=btn_thumb&plusButtonFlag=N&isLoginCnt=0&aShowCnt=0&bShowCnt=0&cShowCnt=0&trackingCd=Cat1000001000600050002_Small,56,2,2021-12-16 12:06:36
미용소품,10000010006,네일소품,100000100060003, 전체,100000100060003,https://www.oliveyoung.co.kr/store/display/getMCategoryList.do?dispCatNo=100000100060003&fltDispCatNo=&prdSort=01&pageIdx=1&rowsPerPage=24&searchTypeSort=btn_thumb&plusButtonFlag=N&isLoginCnt=0&aShowCnt=0&bShowCnt=0&cShowCnt=0&trackingCd=Cat100000100060003_Small,17,1,2021-12-16 12:06:37
미용소품,10000010006,네일소품,100000100060003,네일케어/아트,1000001000600030001,https://www.oliveyoung.co.kr/store/display/getMCategoryList.do?dispCatNo=1000001000600030001&fltDispCatNo=&prdSort=01&pageIdx=1&rowsPerPage=24&searchTypeSort=btn_thumb&plusButtonFlag=N&isLoginCnt=0&aShowCnt=0&bShowCnt=0&cShowCnt=0&trackingCd=Cat1000001000600030001_Small,17,1,2021-12-16 12:06:38
미용소품,10000010006,미용가전,100000100060004, 전체,100000100060004,https://www.oliveyoung.co.kr/store/display/getMCategoryList.do?dispCatNo=100000100060004&fltDispCatNo=&prdSort=01&pageIdx=1&rowsPerPage=24&searchTypeSort=btn_thumb&plusButtonFlag=N&isLoginCnt=0&aShowCnt=0&bShowCnt=0&cShowCnt=0&trackingCd=Cat100000100060004_Small,48,2,2021-12-16 12:06:39
미용소품,10000010006,미용가전,100000100060004,네일가전,1000001000600040003,https://www.oliveyoung.co.kr/store/display/getMCategoryList.do?dispCatNo=1000001000600040003&fltDispCatNo=&prdSort=01&pageIdx=1&rowsPerPage=24&searchTypeSort=btn_thumb&plusButtonFlag=N&isLoginCnt=0&aShowCnt=0&bShowCnt=0&cShowCnt=0&trackingCd=Cat1000001000600040003_Small,5,1,2021-12-16 12:06:39
미용소품,10000010006,미용가전,100000100060004,마사지기기,1000001000600040002,https://www.oliveyoung.co.kr/store/display/getMCategoryList.do?dispCatNo=1000001000600040002&fltDispCatNo=&prdSort=01&pageIdx=1&rowsPerPage=24&searchTypeSort=btn_thumb&plusButtonFlag=N&isLoginCnt=0&aShowCnt=0&bShowCnt=0&cShowCnt=0&trackingCd=Cat1000001000600040002_Small,23,1,2021-12-16 12:06:40
미용소품,10000010006,미용가전,100000100060004,클렌징기기,1000001000600040001,https://www.oliveyoung.co.kr/store/display/getMCategoryList.do?dispCatNo=1000001000600040001&fltDispCatNo=&prdSort=01&pageIdx=1&rowsPerPage=24&searchTypeSort=btn_thumb&plusButtonFlag=N&isLoginCnt=0&aShowCnt=0&bShowCnt=0&cShowCnt=0&trackingCd=Cat1000001000600040001_Small,20,1,2021-12-16 12:06:40
미용소품,10000010006,얼굴소품,100000100060001, 전체,100000100060001,https://www.oliveyoung.co.kr/store/display/getMCategoryList.do?dispCatNo=100000100060001&fltDispCatNo=&prdSort=01&pageIdx=1&rowsPerPage=24&searchTypeSort=btn_thumb&plusButtonFlag=N&isLoginCnt=0&aShowCnt=0&bShowCnt=0&cShowCnt=0&trackingCd=Cat100000100060001_Small,534,12,2021-12-16 12:06:41
미용소품,10000010006,얼굴소품,100000100060001,기름종이,1000001000600010008,https://www.oliveyoung.co.kr/store/display/getMCategoryList.do?dispCatNo=1000001000600010008&fltDispCatNo=&prdSort=01&pageIdx=1&rowsPerPage=24&searchTypeSort=btn_thumb&plusButtonFlag=N&isLoginCnt=0&aShowCnt=0&bShowCnt=0&cShowCnt=0&trackingCd=Cat1000001000600010008_Small,21,1,2021-12-16 12:06:42
미용소품,10000010006,얼굴소품,100000100060001,눈썹손질도구,1000001000600010001,https://www.oliveyoung.co.kr/store/display/getMCategoryList.do?dispCatNo=1000001000600010001&fltDispCatNo=&prdSort=01&pageIdx=1&rowsPerPage=24&searchTypeSort=btn_thumb&plusButtonFlag=N&isLoginCnt=0&aShowCnt=0&bShowCnt=0&cShowCnt=0&trackingCd=Cat1000001000600010001_Small,15,1,2021-12-16 12:06:42
미용소품,10000010006,얼굴소품,100000100060001,메이크업브러시,1000001000600010007,https://www.oliveyoung.co.kr/store/display/getMCategoryList.do?dispCatNo=1000001000600010007&fltDispCatNo=&prdSort=01&pageIdx=1&rowsPerPage=24&searchTypeSort=btn_thumb&plusButtonFlag=N&isLoginCnt=0&aShowCnt=0&bShowCnt=0&cShowCnt=0&trackingCd=Cat1000001000600010007_Small,339,8,2021-12-16 12:06:43
미용소품,10000010006,얼굴소품,100000100060001,뷰러,1000001000600010002,https://www.oliveyoung.co.kr/store/display/getMCategoryList.do?dispCatNo=1000001000600010002&fltDispCatNo=&prdSort=01&pageIdx=1&rowsPerPage=24&searchTypeSort=btn_thumb&plusButtonFlag=N&isLoginCnt=0&aShowCnt=0&bShowCnt=0&cShowCnt=0&trackingCd=Cat1000001000600010002_Small,29,1,2021-12-16 12:06:43
미용소품,10000010006,얼굴소품,100000100060001,속눈썹,1000001000600010003,https://www.oliveyoung.co.kr/store/display/getMCategoryList.do?dispCatNo=1000001000600010003&fltDispCatNo=&prdSort=01&pageIdx=1&rowsPerPage=24&searchTypeSort=btn_thumb&plusButtonFlag=N&isLoginCnt=0&aShowCnt=0&bShowCnt=0&cShowCnt=0&trackingCd=Cat1000001000600010003_Small,31,1,2021-12-16 12:06:44
미용소품,10000010006,얼굴소품,100000100060001,스폰지,1000001000600010006,https://www.oliveyoung.co.kr/store/display/getMCategoryList.do?dispCatNo=1000001000600010006&fltDispCatNo=&prdSort=01&pageIdx=1&rowsPerPage=24&searchTypeSort=btn_thumb&plusButtonFlag=N&isLoginCnt=0&aShowCnt=0&bShowCnt=0&cShowCnt=0&trackingCd=Cat1000001000600010006_Small,55,2,2021-12-16 12:06:44
미용소품,10000010006,얼굴소품,100000100060001,쌍커풀,1000001000600010004,https://www.oliveyoung.co.kr/store/display/getMCategoryList.do?dispCatNo=1000001000600010004&fltDispCatNo=&prdSort=01&pageIdx=1&rowsPerPage=24&searchTypeSort=btn_thumb&plusButtonFlag=N&isLoginCnt=0&aShowCnt=0&bShowCnt=0&cShowCnt=0&trackingCd=Cat1000001000600010004_Small,5,1,2021-12-16 12:06:45
미용소품,10000010006,얼굴소품,100000100060001,퍼프,1000001000600010005,https://www.oliveyoung.co.kr/store/display/getMCategoryList.do?dispCatNo=1000001000600010005&fltDispCatNo=&prdSort=01&pageIdx=1&rowsPerPage=24&searchTypeSort=btn_thumb&plusButtonFlag=N&isLoginCnt=0&aShowCnt=0&bShowCnt=0&cShowCnt=0&trackingCd=Cat1000001000600010005_Small,39,1,2021-12-16 12:06:45
미용소품,10000010006,헤어소품,100000100060002, 전체,100000100060002,https://www.oliveyoung.co.kr/store/display/getMCategoryList.do?dispCatNo=100000100060002&fltDispCatNo=&prdSort=01&pageIdx=1&rowsPerPage=24&searchTypeSort=btn_thumb&plusButtonFlag=N&isLoginCnt=0&aShowCnt=0&bShowCnt=0&cShowCnt=0&trackingCd=Cat100000100060002_Small,67,2,2021-12-16 12:06:46
미용소품,10000010006,헤어소품,100000100060002,헤어도구,1000001000600020001,https://www.oliveyoung.co.kr/store/display/getMCategoryList.do?dispCatNo=1000001000600020001&fltDispCatNo=&prdSort=01&pageIdx=1&rowsPerPage=24&searchTypeSort=btn_thumb&plusButtonFlag=N&isLoginCnt=0&aShowCnt=0&bShowCnt=0&cShowCnt=0&trackingCd=Cat1000001000600020001_Small,20,1,2021-12-16 12:06:47
미용소품,10000010006,헤어소품,100000100060002,헤어브러시,1000001000600020002,https://www.oliveyoung.co.kr/store/display/getMCategoryList.do?dispCatNo=1000001000600020002&fltDispCatNo=&prdSort=01&pageIdx=1&rowsPerPage=24&searchTypeSort=btn_thumb&plusButtonFlag=N&isLoginCnt=0&aShowCnt=0&bShowCnt=0&cShowCnt=0&trackingCd=Cat1000001000600020002_Small,14,1,2021-12-16 12:06:47
미용소품,10000010006,헤어소품,100000100060002,헤어악세서리,1000001000600020003,https://www.oliveyoung.co.kr/store/display/getMCategoryList.do?dispCatNo=1000001000600020003&fltDispCatNo=&prdSort=01&pageIdx=1&rowsPerPage=24&searchTypeSort=btn_thumb&plusButtonFlag=N&isLoginCnt=0&aShowCnt=0&bShowCnt=0&cShowCnt=0&trackingCd=Cat1000001000600020003_Small,33,1,2021-12-16 12:06:48
남성,10000010007,스킨케어,100000100070007, 전체,100000100070007,https://www.oliveyoung.co.kr/store/display/getMCategoryList.do?dispCatNo=100000100070007&fltDispCatNo=&prdSort=01&pageIdx=1&rowsPerPage=24&searchTypeSort=btn_thumb&plusButtonFlag=N&isLoginCnt=0&aShowCnt=0&bShowCnt=0&cShowCnt=0&trackingCd=Cat100000100070007_Small,361,8,2021-12-16 12:06:51
남성,10000010007,스킨케어,100000100070007,올인원,1000001000700070006,https://www.oliveyoung.co.kr/store/display/getMCategoryList.do?dispCatNo=1000001000700070006&fltDispCatNo=&prdSort=01&pageIdx=1&rowsPerPage=24&searchTypeSort=btn_thumb&plusButtonFlag=N&isLoginCnt=0&aShowCnt=0&bShowCnt=0&cShowCnt=0&trackingCd=Cat1000001000700070006_Small,112,3,2021-12-16 12:06:51
남성,10000010007,스킨케어,100000100070007,남성화장품세트,1000001000700070011,https://www.oliveyoung.co.kr/store/display/getMCategoryList.do?dispCatNo=1000001000700070011&fltDispCatNo=&prdSort=01&pageIdx=1&rowsPerPage=24&searchTypeSort=btn_thumb&plusButtonFlag=N&isLoginCnt=0&aShowCnt=0&bShowCnt=0&cShowCnt=0&trackingCd=Cat1000001000700070011_Small,35,1,2021-12-16 12:06:52
남성,10000010007,스킨케어,100000100070007,토너/로션,1000001000700070007,https://www.oliveyoung.co.kr/store/display/getMCategoryList.do?dispCatNo=1000001000700070007&fltDispCatNo=&prdSort=01&pageIdx=1&rowsPerPage=24&searchTypeSort=btn_thumb&plusButtonFlag=N&isLoginCnt=0&aShowCnt=0&bShowCnt=0&cShowCnt=0&trackingCd=Cat1000001000700070007_Small,85,2,2021-12-16 12:06:52
남성,10000010007,스킨케어,100000100070007,에센스/크림,1000001000700070008,https://www.oliveyoung.co.kr/store/display/getMCategoryList.do?dispCatNo=1000001000700070008&fltDispCatNo=&prdSort=01&pageIdx=1&rowsPerPage=24&searchTypeSort=btn_thumb&plusButtonFlag=N&isLoginCnt=0&aShowCnt=0&bShowCnt=0&cShowCnt=0&trackingCd=Cat1000001000700070008_Small,54,2,2021-12-16 12:06:53
남성,10000010007,스킨케어,100000100070007,썬/마스크팩/클렌징,1000001000700070009,https://www.oliveyoung.co.kr/store/display/getMCategoryList.do?dispCatNo=1000001000700070009&fltDispCatNo=&prdSort=01&pageIdx=1&rowsPerPage=24&searchTypeSort=btn_thumb&plusButtonFlag=N&isLoginCnt=0&aShowCnt=0&bShowCnt=0&cShowCnt=0&trackingCd=Cat1000001000700070009_Small,79,2,2021-12-16 12:06:53
남성,10000010007,메이크업,100000100070008, 전체,100000100070008,https://www.oliveyoung.co.kr/store/display/getMCategoryList.do?dispCatNo=100000100070008&fltDispCatNo=&prdSort=01&pageIdx=1&rowsPerPage=24&searchTypeSort=btn_thumb&plusButtonFlag=N&isLoginCnt=0&aShowCnt=0&bShowCnt=0&cShowCnt=0&trackingCd=Cat100000100070008_Small,75,2,2021-12-16 12:06:54
남성,10000010007,메이크업,100000100070008,BB/CC,1000001000700080003,https://www.oliveyoung.co.kr/store/display/getMCategoryList.do?dispCatNo=1000001000700080003&fltDispCatNo=&prdSort=01&pageIdx=1&rowsPerPage=24&searchTypeSort=btn_thumb&plusButtonFlag=N&isLoginCnt=0&aShowCnt=0&bShowCnt=0&cShowCnt=0&trackingCd=Cat1000001000700080003_Small,30,1,2021-12-16 12:06:55
남성,10000010007,메이크업,100000100070008,쿠션/팩트,1000001000700080004,https://www.oliveyoung.co.kr/store/display/getMCategoryList.do?dispCatNo=1000001000700080004&fltDispCatNo=&prdSort=01&pageIdx=1&rowsPerPage=24&searchTypeSort=btn_thumb&plusButtonFlag=N&isLoginCnt=0&aShowCnt=0&bShowCnt=0&cShowCnt=0&trackingCd=Cat1000001000700080004_Small,13,1,2021-12-16 12:06:55
남성,10000010007,메이크업,100000100070008,컨실러/아이,1000001000700080007,https://www.oliveyoung.co.kr/store/display/getMCategoryList.do?dispCatNo=1000001000700080007&fltDispCatNo=&prdSort=01&pageIdx=1&rowsPerPage=24&searchTypeSort=btn_thumb&plusButtonFlag=N&isLoginCnt=0&aShowCnt=0&bShowCnt=0&cShowCnt=0&trackingCd=Cat1000001000700080007_Small,16,1,2021-12-16 12:06:56
남성,10000010007,헤어케어,100000100070009, 전체,100000100070009,https://www.oliveyoung.co.kr/store/display/getMCategoryList.do?dispCatNo=100000100070009&fltDispCatNo=&prdSort=01&pageIdx=1&rowsPerPage=24&searchTypeSort=btn_thumb&plusButtonFlag=N&isLoginCnt=0&aShowCnt=0&bShowCnt=0&cShowCnt=0&trackingCd=Cat100000100070009_Small,191,4,2021-12-16 12:06:57
남성,10000010007,헤어케어,100000100070009,왁스,1000001000700090001,https://www.oliveyoung.co.kr/store/display/getMCategoryList.do?dispCatNo=1000001000700090001&fltDispCatNo=&prdSort=01&pageIdx=1&rowsPerPage=24&searchTypeSort=btn_thumb&plusButtonFlag=N&isLoginCnt=0&aShowCnt=0&bShowCnt=0&cShowCnt=0&trackingCd=Cat1000001000700090001_Small,56,2,2021-12-16 12:06:57
남성,10000010007,헤어케어,100000100070009,포마드,1000001000700090002,https://www.oliveyoung.co.kr/store/display/getMCategoryList.do?dispCatNo=1000001000700090002&fltDispCatNo=&prdSort=01&pageIdx=1&rowsPerPage=24&searchTypeSort=btn_thumb&plusButtonFlag=N&isLoginCnt=0&aShowCnt=0&bShowCnt=0&cShowCnt=0&trackingCd=Cat1000001000700090002_Small,24,1,2021-12-16 12:06:58
남성,10000010007,헤어케어,100000100070009,토닉/컬크림,1000001000700090010,https://www.oliveyoung.co.kr/store/display/getMCategoryList.do?dispCatNo=1000001000700090010&fltDispCatNo=&prdSort=01&pageIdx=1&rowsPerPage=24&searchTypeSort=btn_thumb&plusButtonFlag=N&isLoginCnt=0&aShowCnt=0&bShowCnt=0&cShowCnt=0&trackingCd=Cat1000001000700090010_Small,19,1,2021-12-16 12:06:58
남성,10000010007,헤어케어,100000100070009,스프레이,1000001000700090005,https://www.oliveyoung.co.kr/store/display/getMCategoryList.do?dispCatNo=1000001000700090005&fltDispCatNo=&prdSort=01&pageIdx=1&rowsPerPage=24&searchTypeSort=btn_thumb&plusButtonFlag=N&isLoginCnt=0&aShowCnt=0&bShowCnt=0&cShowCnt=0&trackingCd=Cat1000001000700090005_Small,37,1,2021-12-16 12:06:59
남성,10000010007,헤어케어,100000100070009,샴푸,1000001000700090011,https://www.oliveyoung.co.kr/store/display/getMCategoryList.do?dispCatNo=1000001000700090011&fltDispCatNo=&prdSort=01&pageIdx=1&rowsPerPage=24&searchTypeSort=btn_thumb&plusButtonFlag=N&isLoginCnt=0&aShowCnt=0&bShowCnt=0&cShowCnt=0&trackingCd=Cat1000001000700090011_Small,35,1,2021-12-16 12:06:59
남성,10000010007,헤어케어,100000100070009,염색/다운펌,1000001000700090012,https://www.oliveyoung.co.kr/store/display/getMCategoryList.do?dispCatNo=1000001000700090012&fltDispCatNo=&prdSort=01&pageIdx=1&rowsPerPage=24&searchTypeSort=btn_thumb&plusButtonFlag=N&isLoginCnt=0&aShowCnt=0&bShowCnt=0&cShowCnt=0&trackingCd=Cat1000001000700090012_Small,13,1,2021-12-16 12:07:00
남성,10000010007,헤어케어,100000100070009,헤어 기기,1000001000700090009,https://www.oliveyoung.co.kr/store/display/getMCategoryList.do?dispCatNo=1000001000700090009&fltDispCatNo=&prdSort=01&pageIdx=1&rowsPerPage=24&searchTypeSort=btn_thumb&plusButtonFlag=N&isLoginCnt=0&aShowCnt=0&bShowCnt=0&cShowCnt=0&trackingCd=Cat1000001000700090009_Small,9,1,2021-12-16 12:07:00
남성,10000010007,쉐이빙,100000100070010, 전체,100000100070010,https://www.oliveyoung.co.kr/store/display/getMCategoryList.do?dispCatNo=100000100070010&fltDispCatNo=&prdSort=01&pageIdx=1&rowsPerPage=24&searchTypeSort=btn_thumb&plusButtonFlag=N&isLoginCnt=0&aShowCnt=0&bShowCnt=0&cShowCnt=0&trackingCd=Cat100000100070010_Small,144,4,2021-12-16 12:07:01
남성,10000010007,쉐이빙,100000100070010,면도기/면도날,1000001000700100001,https://www.oliveyoung.co.kr/store/display/getMCategoryList.do?dispCatNo=1000001000700100001&fltDispCatNo=&prdSort=01&pageIdx=1&rowsPerPage=24&searchTypeSort=btn_thumb&plusButtonFlag=N&isLoginCnt=0&aShowCnt=0&bShowCnt=0&cShowCnt=0&trackingCd=Cat1000001000700100001_Small,48,2,2021-12-16 12:07:02
남성,10000010007,쉐이빙,100000100070010,전기면도기,1000001000700100002,https://www.oliveyoung.co.kr/store/display/getMCategoryList.do?dispCatNo=1000001000700100002&fltDispCatNo=&prdSort=01&pageIdx=1&rowsPerPage=24&searchTypeSort=btn_thumb&plusButtonFlag=N&isLoginCnt=0&aShowCnt=0&bShowCnt=0&cShowCnt=0&trackingCd=Cat1000001000700100002_Small,32,1,2021-12-16 12:07:02
남성,10000010007,쉐이빙,100000100070010,폼/젤/오일/크림,1000001000700100003,https://www.oliveyoung.co.kr/store/display/getMCategoryList.do?dispCatNo=1000001000700100003&fltDispCatNo=&prdSort=01&pageIdx=1&rowsPerPage=24&searchTypeSort=btn_thumb&plusButtonFlag=N&isLoginCnt=0&aShowCnt=0&bShowCnt=0&cShowCnt=0&trackingCd=Cat1000001000700100003_Small,55,2,2021-12-16 12:07:02
남성,10000010007,쉐이빙,100000100070010,애프터쉐이브,1000001000700100005,https://www.oliveyoung.co.kr/store/display/getMCategoryList.do?dispCatNo=1000001000700100005&fltDispCatNo=&prdSort=01&pageIdx=1&rowsPerPage=24&searchTypeSort=btn_thumb&plusButtonFlag=N&isLoginCnt=0&aShowCnt=0&bShowCnt=0&cShowCnt=0&trackingCd=Cat1000001000700100005_Small,23,1,2021-12-16 12:07:02
남성,10000010007,쉐이빙,100000100070010,트리머,1000001000700100006,https://www.oliveyoung.co.kr/store/display/getMCategoryList.do?dispCatNo=1000001000700100006&fltDispCatNo=&prdSort=01&pageIdx=1&rowsPerPage=24&searchTypeSort=btn_thumb&plusButtonFlag=N&isLoginCnt=0&aShowCnt=0&bShowCnt=0&cShowCnt=0&trackingCd=Cat1000001000700100006_Small,14,1,2021-12-16 12:07:02
남성,10000010007,바디케어,100000100070011, 전체,100000100070011,https://www.oliveyoung.co.kr/store/display/getMCategoryList.do?dispCatNo=100000100070011&fltDispCatNo=&prdSort=01&pageIdx=1&rowsPerPage=24&searchTypeSort=btn_thumb&plusButtonFlag=N&isLoginCnt=0&aShowCnt=0&bShowCnt=0&cShowCnt=0&trackingCd=Cat100000100070011_Small,105,3,2021-12-16 12:07:02
남성,10000010007,바디케어,100000100070011,바디워시,1000001000700110006,https://www.oliveyoung.co.kr/store/display/getMCategoryList.do?dispCatNo=1000001000700110006&fltDispCatNo=&prdSort=01&pageIdx=1&rowsPerPage=24&searchTypeSort=btn_thumb&plusButtonFlag=N&isLoginCnt=0&aShowCnt=0&bShowCnt=0&cShowCnt=0&trackingCd=Cat1000001000700110006_Small,65,2,2021-12-16 12:07:02
남성,10000010007,바디케어,100000100070011,남성 청결제,1000001000700110008,https://www.oliveyoung.co.kr/store/display/getMCategoryList.do?dispCatNo=1000001000700110008&fltDispCatNo=&prdSort=01&pageIdx=1&rowsPerPage=24&searchTypeSort=btn_thumb&plusButtonFlag=N&isLoginCnt=0&aShowCnt=0&bShowCnt=0&cShowCnt=0&trackingCd=Cat1000001000700110008_Small,19,1,2021-12-16 12:07:02
남성,10000010007,바디케어,100000100070011,데오/바디미스트,1000001000700110007,https://www.oliveyoung.co.kr/store/display/getMCategoryList.do?dispCatNo=1000001000700110007&fltDispCatNo=&prdSort=01&pageIdx=1&rowsPerPage=24&searchTypeSort=btn_thumb&plusButtonFlag=N&isLoginCnt=0&aShowCnt=0&bShowCnt=0&cShowCnt=0&trackingCd=Cat1000001000700110007_Small,19,1,2021-12-16 12:07:02
남성,10000010007,바디케어,100000100070011,립/핸드,1000001000700110009,https://www.oliveyoung.co.kr/store/display/getMCategoryList.do?dispCatNo=1000001000700110009&fltDispCatNo=&prdSort=01&pageIdx=1&rowsPerPage=24&searchTypeSort=btn_thumb&plusButtonFlag=N&isLoginCnt=0&aShowCnt=0&bShowCnt=0&cShowCnt=0&trackingCd=Cat1000001000700110009_Small,18,1,2021-12-16 12:07:02
남성,10000010007,향수,100000100070012, 전체,100000100070012,https://www.oliveyoung.co.kr/store/display/getMCategoryList.do?dispCatNo=100000100070012&fltDispCatNo=&prdSort=01&pageIdx=1&rowsPerPage=24&searchTypeSort=btn_thumb&plusButtonFlag=N&isLoginCnt=0&aShowCnt=0&bShowCnt=0&cShowCnt=0&trackingCd=Cat100000100070012_Small,122,3,2021-12-16 12:07:02
남성,10000010007,향수,100000100070012,향수,1000001000700120001,https://www.oliveyoung.co.kr/store/display/getMCategoryList.do?dispCatNo=1000001000700120001&fltDispCatNo=&prdSort=01&pageIdx=1&rowsPerPage=24&searchTypeSort=btn_thumb&plusButtonFlag=N&isLoginCnt=0&aShowCnt=0&bShowCnt=0&cShowCnt=0&trackingCd=Cat1000001000700120001_Small,122,3,2021-12-16 12:07:02
남성,10000010007,매너용품,100000100070015, 전체,100000100070015,https://www.oliveyoung.co.kr/store/display/getMCategoryList.do?dispCatNo=100000100070015&fltDispCatNo=&prdSort=01&pageIdx=1&rowsPerPage=24&searchTypeSort=btn_thumb&plusButtonFlag=N&isLoginCnt=0&aShowCnt=0&bShowCnt=0&cShowCnt=0&trackingCd=Cat100000100070015_Small,27,1,2021-12-16 12:07:02
남성,10000010007,매너용품,100000100070015,매너용품,1000001000700150001,https://www.oliveyoung.co.kr/store/display/getMCategoryList.do?dispCatNo=1000001000700150001&fltDispCatNo=&prdSort=01&pageIdx=1&rowsPerPage=24&searchTypeSort=btn_thumb&plusButtonFlag=N&isLoginCnt=0&aShowCnt=0&bShowCnt=0&cShowCnt=0&trackingCd=Cat1000001000700150001_Small,27,1,2021-12-16 12:07:02
남성,10000010007,건강식품,100000100070016, 전체,100000100070016,https://www.oliveyoung.co.kr/store/display/getMCategoryList.do?dispCatNo=100000100070016&fltDispCatNo=&prdSort=01&pageIdx=1&rowsPerPage=24&searchTypeSort=btn_thumb&plusButtonFlag=N&isLoginCnt=0&aShowCnt=0&bShowCnt=0&cShowCnt=0&trackingCd=Cat100000100070016_Small,49,2,2021-12-16 12:07:02
남성,10000010007,건강식품,100000100070016,건강식품,1000001000700160001,https://www.oliveyoung.co.kr/store/display/getMCategoryList.do?dispCatNo=1000001000700160001&fltDispCatNo=&prdSort=01&pageIdx=1&rowsPerPage=24&searchTypeSort=btn_thumb&plusButtonFlag=N&isLoginCnt=0&aShowCnt=0&bShowCnt=0&cShowCnt=0&trackingCd=Cat1000001000700160001_Small,49,2,2021-12-16 12:07:02
