职位名字,公司,薪资,地区,经验,详情链接
PHP开发工程师,中国数字图书馆有限责任公司,12-24万/年,北京-海淀区,3-4年经验,https://jobs.51job.com/beijing-hdq/135529187.html?s=sou_sou_soulb&t=0_0
Golang/PHP开发工程师—抖音电商,字节跳动,2.5-4万/月,北京,无需经验,https://jobs.51job.com/beijing/128549413.html?s=sou_sou_soulb&t=0_0
后端工程师-PHP,零氪科技,1.5-3万/月,北京-海淀区,3-4年经验,https://jobs.51job.com/beijing-hdq/135237807.html?s=sou_sou_soulb&t=0_0
PHP开发工程师,北京兆信信息技术股份有限公司,1.5-2万/月,北京-东城区,3-4年经验,https://jobs.51job.com/beijing-dcq/134859595.html?s=sou_sou_soulb&t=0_0
PHP开发工程师,北京易米云佳网络科技有限公司,1.5-2.5万/月,北京-朝阳区,3-4年经验,https://jobs.51job.com/beijing-cyq/134100429.html?s=sou_sou_soulb&t=0_0
PHP开发工程师,北京远大创新科技有限公司,1.5-3万/月,北京,3-4年经验,https://jobs.51job.com/beijing/131233556.html?s=sou_sou_soulb&t=0_0
研发部—PHP工程师,人民网股份有限公司,1.2-2.4万/月,北京-朝阳区,1年经验,https://jobs.51job.com/beijing-cyq/130624010.html?s=sou_sou_soulb&t=0_0
45764-腾讯体育PHP/Golang后台开发工程师,深圳市腾讯计算机系统有限公司,,北京,3-4年经验,https://jobs.51job.com/beijing/134406357.html?s=sou_sou_soulb&t=0_0
PHP高级开发工程师,江苏微云人工智能有限公司,1.8-3.5万/月,北京-海淀区,3-4年经验,https://jobs.51job.com/beijing-hdq/133204283.html?s=sou_sou_soulb&t=0_0
PHP开发工程师,北京金玖银玖数字科技有限公司,1.3-1.7万/月,北京-东城区,3-4年经验,https://jobs.51job.com/beijing-dcq/131520225.html?s=sou_sou_soulb&t=0_0
PHP开发工程师,北京思卓软件有限公司,6-8千/月,北京-昌平区,1年经验,https://jobs.51job.com/beijing-cpq/130859660.html?s=sou_sou_soulb&t=0_0
PHP中级开发工程师,清控紫荆（北京）教育科技股份有限公司,1-1.5万/月,北京-海淀区,2年经验,https://jobs.51job.com/beijing-hdq/132415698.html?s=sou_sou_soulb&t=0_0
PHP后端开发工程师,北京石头世纪科技股份有限公司,2-3.5万/月,北京-海淀区,5-7年经验,https://jobs.51job.com/beijing-hdq/133486612.html?s=sou_sou_soulb&t=0_0
PHP开发工程师与C#初级工程师,北京甲子科技有限责任公司,1-1.5万/月,北京-丰台区,2年经验,https://jobs.51job.com/beijing-ftq/131982033.html?s=sou_sou_soulb&t=0_0
全栈开发工程师 (PHP方向),由我（广东）科技有限公司,2-2.5万/月,深圳,3-4年经验,https://jobs.51job.com/shenzhen-nsq/133960661.html?s=sou_sou_soulb&t=0_1
PHP初级开发工程师,北京九州承平科技有限公司,0.6-1.2万/月,北京-朝阳区,2年经验,https://jobs.51job.com/beijing-cyq/108373224.html?s=sou_sou_soulb&t=0_0
PHP开发工程师,北京鼎励信息技术有限公司,1.5-1.8万/月,北京-朝阳区,5-7年经验,https://jobs.51job.com/beijing-cyq/134548131.html?s=sou_sou_soulb&t=0_0
PHP开发工程师,航化中网（北京）科技有限公司,0.6-1万/月,北京-海淀区,2年经验,https://jobs.51job.com/beijing-hdq/114115916.html?s=sou_sou_soulb&t=0_0
PHP开发工程师,北京万步健康科技有限公司,1-2万/月,北京-海淀区,2年经验,https://jobs.51job.com/beijing-hdq/122783532.html?s=sou_sou_soulb&t=0_0
php工程师,北京贝格瑞安科技有限公司,0.8-1万/月,北京-丰台区,1年经验,https://jobs.51job.com/beijing-ftq/106635422.html?s=sou_sou_soulb&t=0_0
PHP高级开发工程师,北京商联达科技有限公司,1-2万/月,北京-海淀区,3-4年经验,https://jobs.51job.com/beijing-hdq/97924072.html?s=sou_sou_soulb&t=0_0
PHP开发工程师,上海唐豹信息科技有限公司,1-2万/月,北京-朝阳区,3-4年经验,https://jobs.51job.com/beijing-cyq/134123092.html?s=sou_sou_soulb&t=0_0
PHP开发工程师,北京森途教育科技股份有限公司,1-1.5万/月,北京-海淀区,2年经验,https://jobs.51job.com/beijing-hdq/129861327.html?s=sou_sou_soulb&t=0_0
PHP开发工程师,北京菁英树教育科技有限公司,0.8-1.5万/月,北京-海淀区,3-4年经验,https://jobs.51job.com/beijing-hdq/129317469.html?s=sou_sou_soulb&t=0_0
全栈工程师,北京北软融智数码技术股份公司,1.5-3万/月,北京-海淀区,3-4年经验,https://jobs.51job.com/beijing-hdq/135252167.html?s=sou_sou_soulb&t=0_0
阿里云智能-云解决方案架构师（中腰部客户）-武汉,阿里巴巴集团,,武汉,5-7年经验,https://jobs.51job.com/wuhan/132146296.html?s=sou_sou_soulb&t=0_1
资深全栈工程师,北京来也网络科技有限公司,2.5-5万/月,北京-海淀区,8-9年经验,https://jobs.51job.com/beijing-hdq/132664765.html?s=sou_sou_soulb&t=0_0
JAVA开发工程师,卓望公司教育事业部,20-30万/年,北京-西城区,3-4年经验,https://jobs.51job.com/beijing-xcq/135312010.html?s=sou_sou_soulb&t=0_0
后台研发工程师,北京三信时代信息公司,1.5-2万/月,北京,1年经验,https://jobs.51job.com/beijing/131676935.html?s=sou_sou_soulb&t=0_0
Python高级开发工程师,北京安德信业信息咨询有限责任公司,3-5万/月,北京,5-7年经验,https://jobs.51job.com/beijing/135413608.html?s=sou_sou_soulb&t=0_0
系统开发工程师,北京神州天脉网络计算机有限公司,0.8-1.5万/月,北京-海淀区,1年经验,https://jobs.51job.com/beijing-hdq/85612662.html?s=sou_sou_soulb&t=0_0
企平-高级Java工程师（供应链）,美团,2.5-3万/月,北京-朝阳区,5-7年经验,https://jobs.51job.com/beijing-cyq/131397374.html?s=sou_sou_soulb&t=0_0
高级Web工程师,乐牌（北京）网络技术有限公司,1.5-2万/月,北京-海淀区,3-4年经验,https://jobs.51job.com/beijing-hdq/135179568.html?s=sou_sou_soulb&t=0_0
后端开发工程师,北京融七牛信息技术有限公司,1.5-2万/月,北京,2年经验,https://jobs.51job.com/beijing/134907818.html?s=sou_sou_soulb&t=0_0
高级golang开发工程师,北京精英家园数字科技有限公司,3-4.5万/月,北京-海淀区,5-7年经验,https://jobs.51job.com/beijing-hdq/133841319.html?s=sou_sou_soulb&t=0_0
Linux系统工程师,福建福昕软件开发股份有限公司北京分公司,0.8-1.5万/月,北京-海淀区,3-4年经验,https://jobs.51job.com/beijing-hdq/108492810.html?s=sou_sou_soulb&t=0_0
Python开发工程师,北京世纪互联宽带数据中心有限公司,1-1.5万/月,北京-朝阳区,2年经验,https://jobs.51job.com/beijing-cyq/134709380.html?s=sou_sou_soulb&t=0_0
后台开发工程师,东方雅达（北京）科技有限公司,0.8-1万/月,北京-顺义区,3-4年经验,https://jobs.51job.com/beijing-syq/122782648.html?s=sou_sou_soulb&t=0_0
后台开发工程师,北京青普旅游文化发展有限公司,1.2-2万/月,北京-朝阳区,3-4年经验,https://jobs.51job.com/beijing-cyq/131788659.html?s=sou_sou_soulb&t=0_0
PHP技术经理,云卡（北京）网络科技有限公司,2-3万/月,北京,5-7年经验,https://jobs.51job.com/beijing/113863901.html?s=sou_sou_soulb&t=0_0
测试开发工程师(J13243),北京北大方正电子有限公司,1-1.5万/月,北京-海淀区,3-4年经验,https://jobs.51job.com/beijing-hdq/132642683.html?s=sou_sou_soulb&t=0_0
测试开发工程师 (MJ004360),北京希瑞亚斯科技有限公司,3-4万/月,北京-海淀区,5-7年经验,https://jobs.51job.com/beijing-hdq/135602553.html?s=sou_sou_soulb&t=0_0
高级前端开发工程师,时趣互动（北京）科技有限公司,1.5-2.5万/月,北京-朝阳区,5-7年经验,https://jobs.51job.com/beijing-cyq/123731961.html?s=sou_sou_soulb&t=0_0
APP软件工程师（北京）,常州三泰科技有限公司,2-4万/月,北京,3-4年经验,https://jobs.51job.com/beijing/135273597.html?s=sou_sou_soulb&t=0_0
技术支持工程师,格尔软件股份有限公司,0.6-1万/月,北京-东城区,1年经验,https://jobs.51job.com/beijing-dcq/130781111.html?s=sou_sou_soulb&t=0_0
运维开发工程师,北京中测安华科技有限公司,1.5-2万/月,北京-海淀区,5-7年经验,https://jobs.51job.com/beijing-hdq/118980776.html?s=sou_sou_soulb&t=0_0
前端开发工程师,北京斯普信信息技术有限公司,1.5-2万/月,北京,5-7年经验,https://jobs.51job.com/beijing/135367514.html?s=sou_sou_soulb&t=0_0
网络安全工程师,央视国际网络有限公司,2-2.5万/月,北京,2年经验,https://jobs.51job.com/beijing/134418297.html?s=sou_sou_soulb&t=0_0
前端开发工程师,金叶天成（北京）科技有限公司上海分公司,0.6-1万/月,北京-朝阳区,1年经验,https://jobs.51job.com/beijing-cyq/134991846.html?s=sou_sou_soulb&t=0_0
Web前端开发工程师,深圳极联信息技术股份有限公司,1-2万/月,北京-海淀区,3-4年经验,https://jobs.51job.com/beijing-hdq/128649752.html?s=sou_sou_soulb&t=0_0
职位名字,公司,薪资,地区,经验,详情链接
职位名字,公司,薪资,地区,经验,详情链接
PHP开发工程师,中国数字图书馆有限责任公司,12-24万/年,北京-海淀区,3-4年经验,https://jobs.51job.com/beijing-hdq/135529187.html?s=sou_sou_soulb&t=0_0
Golang/PHP开发工程师—抖音电商,字节跳动,2.5-4万/月,北京,无需经验,https://jobs.51job.com/beijing/128549413.html?s=sou_sou_soulb&t=0_0
后端工程师-PHP,零氪科技,1.5-3万/月,北京-海淀区,3-4年经验,https://jobs.51job.com/beijing-hdq/135237807.html?s=sou_sou_soulb&t=0_0
PHP开发工程师,北京兆信信息技术股份有限公司,1.5-2万/月,北京-东城区,3-4年经验,https://jobs.51job.com/beijing-dcq/134859595.html?s=sou_sou_soulb&t=0_0
PHP开发工程师,北京易米云佳网络科技有限公司,1.5-2.5万/月,北京-朝阳区,3-4年经验,https://jobs.51job.com/beijing-cyq/134100429.html?s=sou_sou_soulb&t=0_0
PHP开发工程师,北京远大创新科技有限公司,1.5-3万/月,北京,3-4年经验,https://jobs.51job.com/beijing/131233556.html?s=sou_sou_soulb&t=0_0
研发部—PHP工程师,人民网股份有限公司,1.2-2.4万/月,北京-朝阳区,1年经验,https://jobs.51job.com/beijing-cyq/130624010.html?s=sou_sou_soulb&t=0_0
45764-腾讯体育PHP/Golang后台开发工程师,深圳市腾讯计算机系统有限公司,,北京,3-4年经验,https://jobs.51job.com/beijing/134406357.html?s=sou_sou_soulb&t=0_0
PHP高级开发工程师,江苏微云人工智能有限公司,1.8-3.5万/月,北京-海淀区,3-4年经验,https://jobs.51job.com/beijing-hdq/133204283.html?s=sou_sou_soulb&t=0_0
PHP开发工程师,北京金玖银玖数字科技有限公司,1.3-1.7万/月,北京-东城区,3-4年经验,https://jobs.51job.com/beijing-dcq/131520225.html?s=sou_sou_soulb&t=0_0
PHP开发工程师,北京思卓软件有限公司,6-8千/月,北京-昌平区,1年经验,https://jobs.51job.com/beijing-cpq/130859660.html?s=sou_sou_soulb&t=0_0
PHP中级开发工程师,清控紫荆（北京）教育科技股份有限公司,1-1.5万/月,北京-海淀区,2年经验,https://jobs.51job.com/beijing-hdq/132415698.html?s=sou_sou_soulb&t=0_0
PHP后端开发工程师,北京石头世纪科技股份有限公司,2-3.5万/月,北京-海淀区,5-7年经验,https://jobs.51job.com/beijing-hdq/133486612.html?s=sou_sou_soulb&t=0_0
PHP开发工程师与C#初级工程师,北京甲子科技有限责任公司,1-1.5万/月,北京-丰台区,2年经验,https://jobs.51job.com/beijing-ftq/131982033.html?s=sou_sou_soulb&t=0_0
全栈开发工程师 (PHP方向),由我（广东）科技有限公司,2-2.5万/月,深圳,3-4年经验,https://jobs.51job.com/shenzhen-nsq/133960661.html?s=sou_sou_soulb&t=0_1
PHP初级开发工程师,北京九州承平科技有限公司,0.6-1.2万/月,北京-朝阳区,2年经验,https://jobs.51job.com/beijing-cyq/108373224.html?s=sou_sou_soulb&t=0_0
PHP开发工程师,北京鼎励信息技术有限公司,1.5-1.8万/月,北京-朝阳区,5-7年经验,https://jobs.51job.com/beijing-cyq/134548131.html?s=sou_sou_soulb&t=0_0
PHP开发工程师,航化中网（北京）科技有限公司,0.6-1万/月,北京-海淀区,2年经验,https://jobs.51job.com/beijing-hdq/114115916.html?s=sou_sou_soulb&t=0_0
PHP开发工程师,北京万步健康科技有限公司,1-2万/月,北京-海淀区,2年经验,https://jobs.51job.com/beijing-hdq/122783532.html?s=sou_sou_soulb&t=0_0
php工程师,北京贝格瑞安科技有限公司,0.8-1万/月,北京-丰台区,1年经验,https://jobs.51job.com/beijing-ftq/106635422.html?s=sou_sou_soulb&t=0_0
PHP高级开发工程师,北京商联达科技有限公司,1-2万/月,北京-海淀区,3-4年经验,https://jobs.51job.com/beijing-hdq/97924072.html?s=sou_sou_soulb&t=0_0
PHP开发工程师,上海唐豹信息科技有限公司,1-2万/月,北京-朝阳区,3-4年经验,https://jobs.51job.com/beijing-cyq/134123092.html?s=sou_sou_soulb&t=0_0
PHP开发工程师,北京森途教育科技股份有限公司,1-1.5万/月,北京-海淀区,2年经验,https://jobs.51job.com/beijing-hdq/129861327.html?s=sou_sou_soulb&t=0_0
PHP开发工程师,北京菁英树教育科技有限公司,0.8-1.5万/月,北京-海淀区,3-4年经验,https://jobs.51job.com/beijing-hdq/129317469.html?s=sou_sou_soulb&t=0_0
全栈工程师,北京北软融智数码技术股份公司,1.5-3万/月,北京-海淀区,3-4年经验,https://jobs.51job.com/beijing-hdq/135252167.html?s=sou_sou_soulb&t=0_0
阿里云智能-云解决方案架构师（中腰部客户）-武汉,阿里巴巴集团,,武汉,5-7年经验,https://jobs.51job.com/wuhan/132146296.html?s=sou_sou_soulb&t=0_1
资深全栈工程师,北京来也网络科技有限公司,2.5-5万/月,北京-海淀区,8-9年经验,https://jobs.51job.com/beijing-hdq/132664765.html?s=sou_sou_soulb&t=0_0
JAVA开发工程师,卓望公司教育事业部,20-30万/年,北京-西城区,3-4年经验,https://jobs.51job.com/beijing-xcq/135312010.html?s=sou_sou_soulb&t=0_0
后台研发工程师,北京三信时代信息公司,1.5-2万/月,北京,1年经验,https://jobs.51job.com/beijing/131676935.html?s=sou_sou_soulb&t=0_0
Python高级开发工程师,北京安德信业信息咨询有限责任公司,3-5万/月,北京,5-7年经验,https://jobs.51job.com/beijing/135413608.html?s=sou_sou_soulb&t=0_0
系统开发工程师,北京神州天脉网络计算机有限公司,0.8-1.5万/月,北京-海淀区,1年经验,https://jobs.51job.com/beijing-hdq/85612662.html?s=sou_sou_soulb&t=0_0
企平-高级Java工程师（供应链）,美团,2.5-3万/月,北京-朝阳区,5-7年经验,https://jobs.51job.com/beijing-cyq/131397374.html?s=sou_sou_soulb&t=0_0
高级Web工程师,乐牌（北京）网络技术有限公司,1.5-2万/月,北京-海淀区,3-4年经验,https://jobs.51job.com/beijing-hdq/135179568.html?s=sou_sou_soulb&t=0_0
后端开发工程师,北京融七牛信息技术有限公司,1.5-2万/月,北京,2年经验,https://jobs.51job.com/beijing/134907818.html?s=sou_sou_soulb&t=0_0
高级golang开发工程师,北京精英家园数字科技有限公司,3-4.5万/月,北京-海淀区,5-7年经验,https://jobs.51job.com/beijing-hdq/133841319.html?s=sou_sou_soulb&t=0_0
Linux系统工程师,福建福昕软件开发股份有限公司北京分公司,0.8-1.5万/月,北京-海淀区,3-4年经验,https://jobs.51job.com/beijing-hdq/108492810.html?s=sou_sou_soulb&t=0_0
Python开发工程师,北京世纪互联宽带数据中心有限公司,1-1.5万/月,北京-朝阳区,2年经验,https://jobs.51job.com/beijing-cyq/134709380.html?s=sou_sou_soulb&t=0_0
后台开发工程师,东方雅达（北京）科技有限公司,0.8-1万/月,北京-顺义区,3-4年经验,https://jobs.51job.com/beijing-syq/122782648.html?s=sou_sou_soulb&t=0_0
后台开发工程师,北京青普旅游文化发展有限公司,1.2-2万/月,北京-朝阳区,3-4年经验,https://jobs.51job.com/beijing-cyq/131788659.html?s=sou_sou_soulb&t=0_0
PHP技术经理,云卡（北京）网络科技有限公司,2-3万/月,北京,5-7年经验,https://jobs.51job.com/beijing/113863901.html?s=sou_sou_soulb&t=0_0
测试开发工程师(J13243),北京北大方正电子有限公司,1-1.5万/月,北京-海淀区,3-4年经验,https://jobs.51job.com/beijing-hdq/132642683.html?s=sou_sou_soulb&t=0_0
测试开发工程师 (MJ004360),北京希瑞亚斯科技有限公司,3-4万/月,北京-海淀区,5-7年经验,https://jobs.51job.com/beijing-hdq/135602553.html?s=sou_sou_soulb&t=0_0
高级前端开发工程师,时趣互动（北京）科技有限公司,1.5-2.5万/月,北京-朝阳区,5-7年经验,https://jobs.51job.com/beijing-cyq/123731961.html?s=sou_sou_soulb&t=0_0
APP软件工程师（北京）,常州三泰科技有限公司,2-4万/月,北京,3-4年经验,https://jobs.51job.com/beijing/135273597.html?s=sou_sou_soulb&t=0_0
技术支持工程师,格尔软件股份有限公司,0.6-1万/月,北京-东城区,1年经验,https://jobs.51job.com/beijing-dcq/130781111.html?s=sou_sou_soulb&t=0_0
运维开发工程师,北京中测安华科技有限公司,1.5-2万/月,北京-海淀区,5-7年经验,https://jobs.51job.com/beijing-hdq/118980776.html?s=sou_sou_soulb&t=0_0
前端开发工程师,北京斯普信信息技术有限公司,1.5-2万/月,北京,5-7年经验,https://jobs.51job.com/beijing/135367514.html?s=sou_sou_soulb&t=0_0
网络安全工程师,央视国际网络有限公司,2-2.5万/月,北京,2年经验,https://jobs.51job.com/beijing/134418297.html?s=sou_sou_soulb&t=0_0
前端开发工程师,金叶天成（北京）科技有限公司上海分公司,0.6-1万/月,北京-朝阳区,1年经验,https://jobs.51job.com/beijing-cyq/134991846.html?s=sou_sou_soulb&t=0_0
Web前端开发工程师,深圳极联信息技术股份有限公司,1-2万/月,北京-海淀区,3-4年经验,https://jobs.51job.com/beijing-hdq/128649752.html?s=sou_sou_soulb&t=0_0
职位名字,公司,薪资,地区,经验,详情链接
PHP开发工程师,中国数字图书馆有限责任公司,12-24万/年,北京-海淀区,3-4年经验,https://jobs.51job.com/beijing-hdq/135529187.html?s=sou_sou_soulb&t=0_0
Golang/PHP开发工程师—抖音电商,字节跳动,2.5-4万/月,北京,无需经验,https://jobs.51job.com/beijing/128549413.html?s=sou_sou_soulb&t=0_0
后端工程师-PHP,零氪科技,1.5-3万/月,北京-海淀区,3-4年经验,https://jobs.51job.com/beijing-hdq/135237807.html?s=sou_sou_soulb&t=0_0
PHP开发工程师,北京兆信信息技术股份有限公司,1.5-2万/月,北京-东城区,3-4年经验,https://jobs.51job.com/beijing-dcq/134859595.html?s=sou_sou_soulb&t=0_0
PHP开发工程师,北京易米云佳网络科技有限公司,1.5-2.5万/月,北京-朝阳区,3-4年经验,https://jobs.51job.com/beijing-cyq/134100429.html?s=sou_sou_soulb&t=0_0
PHP开发工程师,北京远大创新科技有限公司,1.5-3万/月,北京,3-4年经验,https://jobs.51job.com/beijing/131233556.html?s=sou_sou_soulb&t=0_0
研发部—PHP工程师,人民网股份有限公司,1.2-2.4万/月,北京-朝阳区,1年经验,https://jobs.51job.com/beijing-cyq/130624010.html?s=sou_sou_soulb&t=0_0
45764-腾讯体育PHP/Golang后台开发工程师,深圳市腾讯计算机系统有限公司,,北京,3-4年经验,https://jobs.51job.com/beijing/134406357.html?s=sou_sou_soulb&t=0_0
PHP高级开发工程师,江苏微云人工智能有限公司,1.8-3.5万/月,北京-海淀区,3-4年经验,https://jobs.51job.com/beijing-hdq/133204283.html?s=sou_sou_soulb&t=0_0
PHP开发工程师,北京金玖银玖数字科技有限公司,1.3-1.7万/月,北京-东城区,3-4年经验,https://jobs.51job.com/beijing-dcq/131520225.html?s=sou_sou_soulb&t=0_0
PHP开发工程师,北京思卓软件有限公司,6-8千/月,北京-昌平区,1年经验,https://jobs.51job.com/beijing-cpq/130859660.html?s=sou_sou_soulb&t=0_0
PHP中级开发工程师,清控紫荆（北京）教育科技股份有限公司,1-1.5万/月,北京-海淀区,2年经验,https://jobs.51job.com/beijing-hdq/132415698.html?s=sou_sou_soulb&t=0_0
PHP后端开发工程师,北京石头世纪科技股份有限公司,2-3.5万/月,北京-海淀区,5-7年经验,https://jobs.51job.com/beijing-hdq/133486612.html?s=sou_sou_soulb&t=0_0
PHP开发工程师与C#初级工程师,北京甲子科技有限责任公司,1-1.5万/月,北京-丰台区,2年经验,https://jobs.51job.com/beijing-ftq/131982033.html?s=sou_sou_soulb&t=0_0
全栈开发工程师 (PHP方向),由我（广东）科技有限公司,2-2.5万/月,深圳,3-4年经验,https://jobs.51job.com/shenzhen-nsq/133960661.html?s=sou_sou_soulb&t=0_1
PHP初级开发工程师,北京九州承平科技有限公司,0.6-1.2万/月,北京-朝阳区,2年经验,https://jobs.51job.com/beijing-cyq/108373224.html?s=sou_sou_soulb&t=0_0
PHP开发工程师,北京鼎励信息技术有限公司,1.5-1.8万/月,北京-朝阳区,5-7年经验,https://jobs.51job.com/beijing-cyq/134548131.html?s=sou_sou_soulb&t=0_0
PHP开发工程师,航化中网（北京）科技有限公司,0.6-1万/月,北京-海淀区,2年经验,https://jobs.51job.com/beijing-hdq/114115916.html?s=sou_sou_soulb&t=0_0
PHP开发工程师,北京万步健康科技有限公司,1-2万/月,北京-海淀区,2年经验,https://jobs.51job.com/beijing-hdq/122783532.html?s=sou_sou_soulb&t=0_0
php工程师,北京贝格瑞安科技有限公司,0.8-1万/月,北京-丰台区,1年经验,https://jobs.51job.com/beijing-ftq/106635422.html?s=sou_sou_soulb&t=0_0
PHP高级开发工程师,北京商联达科技有限公司,1-2万/月,北京-海淀区,3-4年经验,https://jobs.51job.com/beijing-hdq/97924072.html?s=sou_sou_soulb&t=0_0
PHP开发工程师,上海唐豹信息科技有限公司,1-2万/月,北京-朝阳区,3-4年经验,https://jobs.51job.com/beijing-cyq/134123092.html?s=sou_sou_soulb&t=0_0
PHP开发工程师,北京森途教育科技股份有限公司,1-1.5万/月,北京-海淀区,2年经验,https://jobs.51job.com/beijing-hdq/129861327.html?s=sou_sou_soulb&t=0_0
PHP开发工程师,北京菁英树教育科技有限公司,0.8-1.5万/月,北京-海淀区,3-4年经验,https://jobs.51job.com/beijing-hdq/129317469.html?s=sou_sou_soulb&t=0_0
全栈工程师,北京北软融智数码技术股份公司,1.5-3万/月,北京-海淀区,3-4年经验,https://jobs.51job.com/beijing-hdq/135252167.html?s=sou_sou_soulb&t=0_0
阿里云智能-云解决方案架构师（中腰部客户）-武汉,阿里巴巴集团,,武汉,5-7年经验,https://jobs.51job.com/wuhan/132146296.html?s=sou_sou_soulb&t=0_1
资深全栈工程师,北京来也网络科技有限公司,2.5-5万/月,北京-海淀区,8-9年经验,https://jobs.51job.com/beijing-hdq/132664765.html?s=sou_sou_soulb&t=0_0
JAVA开发工程师,卓望公司教育事业部,20-30万/年,北京-西城区,3-4年经验,https://jobs.51job.com/beijing-xcq/135312010.html?s=sou_sou_soulb&t=0_0
后台研发工程师,北京三信时代信息公司,1.5-2万/月,北京,1年经验,https://jobs.51job.com/beijing/131676935.html?s=sou_sou_soulb&t=0_0
Python高级开发工程师,北京安德信业信息咨询有限责任公司,3-5万/月,北京,5-7年经验,https://jobs.51job.com/beijing/135413608.html?s=sou_sou_soulb&t=0_0
系统开发工程师,北京神州天脉网络计算机有限公司,0.8-1.5万/月,北京-海淀区,1年经验,https://jobs.51job.com/beijing-hdq/85612662.html?s=sou_sou_soulb&t=0_0
企平-高级Java工程师（供应链）,美团,2.5-3万/月,北京-朝阳区,5-7年经验,https://jobs.51job.com/beijing-cyq/131397374.html?s=sou_sou_soulb&t=0_0
高级Web工程师,乐牌（北京）网络技术有限公司,1.5-2万/月,北京-海淀区,3-4年经验,https://jobs.51job.com/beijing-hdq/135179568.html?s=sou_sou_soulb&t=0_0
后端开发工程师,北京融七牛信息技术有限公司,1.5-2万/月,北京,2年经验,https://jobs.51job.com/beijing/134907818.html?s=sou_sou_soulb&t=0_0
高级golang开发工程师,北京精英家园数字科技有限公司,3-4.5万/月,北京-海淀区,5-7年经验,https://jobs.51job.com/beijing-hdq/133841319.html?s=sou_sou_soulb&t=0_0
Linux系统工程师,福建福昕软件开发股份有限公司北京分公司,0.8-1.5万/月,北京-海淀区,3-4年经验,https://jobs.51job.com/beijing-hdq/108492810.html?s=sou_sou_soulb&t=0_0
Python开发工程师,北京世纪互联宽带数据中心有限公司,1-1.5万/月,北京-朝阳区,2年经验,https://jobs.51job.com/beijing-cyq/134709380.html?s=sou_sou_soulb&t=0_0
后台开发工程师,东方雅达（北京）科技有限公司,0.8-1万/月,北京-顺义区,3-4年经验,https://jobs.51job.com/beijing-syq/122782648.html?s=sou_sou_soulb&t=0_0
后台开发工程师,北京青普旅游文化发展有限公司,1.2-2万/月,北京-朝阳区,3-4年经验,https://jobs.51job.com/beijing-cyq/131788659.html?s=sou_sou_soulb&t=0_0
PHP技术经理,云卡（北京）网络科技有限公司,2-3万/月,北京,5-7年经验,https://jobs.51job.com/beijing/113863901.html?s=sou_sou_soulb&t=0_0
测试开发工程师(J13243),北京北大方正电子有限公司,1-1.5万/月,北京-海淀区,3-4年经验,https://jobs.51job.com/beijing-hdq/132642683.html?s=sou_sou_soulb&t=0_0
测试开发工程师 (MJ004360),北京希瑞亚斯科技有限公司,3-4万/月,北京-海淀区,5-7年经验,https://jobs.51job.com/beijing-hdq/135602553.html?s=sou_sou_soulb&t=0_0
高级前端开发工程师,时趣互动（北京）科技有限公司,1.5-2.5万/月,北京-朝阳区,5-7年经验,https://jobs.51job.com/beijing-cyq/123731961.html?s=sou_sou_soulb&t=0_0
APP软件工程师（北京）,常州三泰科技有限公司,2-4万/月,北京,3-4年经验,https://jobs.51job.com/beijing/135273597.html?s=sou_sou_soulb&t=0_0
技术支持工程师,格尔软件股份有限公司,0.6-1万/月,北京-东城区,1年经验,https://jobs.51job.com/beijing-dcq/130781111.html?s=sou_sou_soulb&t=0_0
运维开发工程师,北京中测安华科技有限公司,1.5-2万/月,北京-海淀区,5-7年经验,https://jobs.51job.com/beijing-hdq/118980776.html?s=sou_sou_soulb&t=0_0
前端开发工程师,北京斯普信信息技术有限公司,1.5-2万/月,北京,5-7年经验,https://jobs.51job.com/beijing/135367514.html?s=sou_sou_soulb&t=0_0
网络安全工程师,央视国际网络有限公司,2-2.5万/月,北京,2年经验,https://jobs.51job.com/beijing/134418297.html?s=sou_sou_soulb&t=0_0
前端开发工程师,金叶天成（北京）科技有限公司上海分公司,0.6-1万/月,北京-朝阳区,1年经验,https://jobs.51job.com/beijing-cyq/134991846.html?s=sou_sou_soulb&t=0_0
Web前端开发工程师,深圳极联信息技术股份有限公司,1-2万/月,北京-海淀区,3-4年经验,https://jobs.51job.com/beijing-hdq/128649752.html?s=sou_sou_soulb&t=0_0
职位名字,公司,薪资,地区,经验,详情链接
Web前端开发工程师,深圳极联信息技术股份有限公司,1-2万/月,北京-海淀区,3-4年经验,https://jobs.51job.com/beijing-hdq/128649752.html?s=sou_sou_soulb&t=0_0
职位名字,公司,薪资,地区,经验,详情链接
Web前端开发工程师,深圳极联信息技术股份有限公司,1-2万/月,北京-海淀区,3-4年经验,https://jobs.51job.com/beijing-hdq/128649752.html?s=sou_sou_soulb&t=0_0
资深后台研发工程师 / 架构师 - 飞书商业化研发,字节跳动,2-4万/月,北京,3-4年经验,https://jobs.51job.com/beijing/131204937.html?s=sou_sou_soulb&t=0_0
23671-企鹅号后台开发工程师（北京）,深圳市腾讯计算机系统有限公司,,北京,3-4年经验,https://jobs.51job.com/beijing/129291144.html?s=sou_sou_soulb&t=0_0
服务端技术负责人-视频架构,字节跳动,4-6万/月,北京,3-4年经验,https://jobs.51job.com/beijing/106898735.html?s=sou_sou_soulb&t=0_0
