岗位名称,省级,市级
岗位名称,省级,市级
岗位名称,省级,市级
岗位名称,省级,市级
/zf_user/jobs/relay/view?view_type=search&rec_idx=41225937&location=ts&searchword=PHP+AJAX&searchType=auto&paid_fl=n,서울,송파구
/zf_user/jobs/relay/view?view_type=search&rec_idx=41233086&location=ts&searchword=PHP+AJAX&searchType=auto&paid_fl=n,경기,성남시 중원구
/zf_user/jobs/relay/view?view_type=search&rec_idx=41124496&location=ts&searchword=PHP+AJAX&searchType=auto&paid_fl=n,서울,강서구
/zf_user/jobs/relay/view?view_type=search&rec_idx=41288516&location=ts&searchword=PHP+AJAX&searchType=auto&paid_fl=n,서울,금천구
/zf_user/jobs/relay/view?view_type=search&rec_idx=41192665&location=ts&searchword=PHP+AJAX&searchType=auto&paid_fl=n,서울,은평구
/zf_user/jobs/relay/view?view_type=search&rec_idx=40874714&location=ts&searchword=PHP+AJAX&searchType=auto&paid_fl=n,부산,부산진구
/zf_user/jobs/relay/view?view_type=search&rec_idx=41055936&location=ts&searchword=PHP+AJAX&searchType=auto&paid_fl=n,대구,동구
/zf_user/jobs/relay/view?view_type=search&rec_idx=40881973&location=ts&searchword=PHP+AJAX&searchType=auto&paid_fl=n,서울,구로구
/zf_user/jobs/relay/view?view_type=search&rec_idx=41153046&location=ts&searchword=PHP+AJAX&searchType=auto&paid_fl=n,부산,사상구
/zf_user/jobs/relay/view?view_type=search&rec_idx=41243142&location=ts&searchword=PHP+AJAX&searchType=auto&paid_fl=n,서울,중구
/zf_user/jobs/relay/view?view_type=search&rec_idx=41020056&location=ts&searchword=PHP+AJAX&searchType=auto&paid_fl=n,서울전체,
/zf_user/jobs/relay/view?view_type=search&rec_idx=40369554&location=ts&searchword=PHP+AJAX&searchType=auto&paid_fl=n,서울,강남구
/zf_user/jobs/relay/view?view_type=search&rec_idx=40415706&location=ts&searchword=PHP+AJAX&searchType=auto&paid_fl=n,서울,강남구
/zf_user/jobs/relay/view?view_type=search&rec_idx=41064089&location=ts&searchword=PHP+AJAX&searchType=auto&paid_fl=n,서울전체,
/zf_user/jobs/relay/view?view_type=search&rec_idx=39707953&location=ts&searchword=PHP+AJAX&searchType=auto&paid_fl=n,서울,마포구
/zf_user/jobs/relay/view?view_type=search&rec_idx=40316028&location=ts&searchword=PHP+AJAX&searchType=auto&paid_fl=n,서울,강남구
/zf_user/jobs/relay/view?view_type=search&rec_idx=39704167&location=ts&searchword=PHP+AJAX&searchType=auto&paid_fl=n,서울,강남구
/zf_user/jobs/relay/view?view_type=search&rec_idx=40334346&location=ts&searchword=PHP+AJAX&searchType=auto&paid_fl=n,서울,구로구
/zf_user/jobs/relay/view?view_type=search&rec_idx=40247617&location=ts&searchword=PHP+AJAX&searchType=auto&paid_fl=n,서울,강동구
/zf_user/jobs/relay/view?view_type=search&rec_idx=39924323&location=ts&searchword=PHP+AJAX&searchType=auto&paid_fl=n,서울,마포구
/zf_user/jobs/relay/view?view_type=search&rec_idx=40285458&location=ts&searchword=PHP+AJAX&searchType=auto&paid_fl=n,서울,강남구
/zf_user/jobs/relay/view?view_type=search&rec_idx=40314779&location=ts&searchword=PHP+AJAX&searchType=auto&paid_fl=n,서울,송파구
/zf_user/jobs/relay/view?view_type=search&rec_idx=40844405&location=ts&searchword=PHP+AJAX&searchType=auto&paid_fl=n,대구전체,
/zf_user/jobs/relay/view?view_type=search&rec_idx=39882730&location=ts&searchword=PHP+AJAX&searchType=auto&paid_fl=n,서울,금천구
/zf_user/jobs/relay/view?view_type=search&rec_idx=40799986&location=ts&searchword=PHP+AJAX&searchType=auto&paid_fl=n,서울전체,
/zf_user/jobs/relay/view?view_type=search&rec_idx=39933528&location=ts&searchword=PHP+AJAX&searchType=auto&paid_fl=n,서울,서초구
/zf_user/jobs/relay/view?view_type=search&rec_idx=40361637&location=ts&searchword=PHP+AJAX&searchType=auto&paid_fl=n,서울,마포구
/zf_user/jobs/relay/view?view_type=search&rec_idx=39739876&location=ts&searchword=PHP+AJAX&searchType=auto&paid_fl=n,서울,강남구
/zf_user/jobs/relay/view?view_type=search&rec_idx=39715802&location=ts&searchword=PHP+AJAX&searchType=auto&paid_fl=n,서울,강남구
/zf_user/jobs/relay/view?view_type=search&rec_idx=40767710&location=ts&searchword=PHP+AJAX&searchType=auto&paid_fl=n,서울전체,
/zf_user/jobs/relay/view?view_type=search&rec_idx=40574673&location=ts&searchword=PHP+AJAX&searchType=auto&paid_fl=n,서울전체,
/zf_user/jobs/relay/view?view_type=search&rec_idx=40378823&location=ts&searchword=PHP+AJAX&searchType=auto&paid_fl=n,서울,강남구
/zf_user/jobs/relay/view?view_type=search&rec_idx=39736860&location=ts&searchword=PHP+AJAX&searchType=auto&paid_fl=n,서울,강남구
/zf_user/jobs/relay/view?view_type=search&rec_idx=40337723&location=ts&searchword=PHP+AJAX&searchType=auto&paid_fl=n,경기,성남시 수정구
/zf_user/jobs/relay/view?view_type=search&rec_idx=40318827&location=ts&searchword=PHP+AJAX&searchType=auto&paid_fl=n,서울,서초구
/zf_user/jobs/relay/view?view_type=search&rec_idx=40696253&location=ts&searchword=PHP+AJAX&searchType=auto&paid_fl=n,경기,고양시 일산동구
/zf_user/jobs/relay/view?view_type=search&rec_idx=39711453&location=ts&searchword=PHP+AJAX&searchType=auto&paid_fl=n,서울,강남구
/zf_user/jobs/relay/view?view_type=search&rec_idx=40294356&location=ts&searchword=PHP+AJAX&searchType=auto&paid_fl=n,서울,서초구
/zf_user/jobs/relay/view?view_type=search&rec_idx=41202389&location=ts&searchword=PHP+AJAX&searchType=auto&paid_fl=n,경기,성남시 분당구
/zf_user/jobs/relay/view?view_type=search&rec_idx=41237722&location=ts&searchword=PHP+AJAX&searchType=auto&paid_fl=n,경기,성남시 분당구
岗位名称,省级,市级
/zf_user/jobs/relay/view?view_type=search&rec_idx=41225937&location=ts&searchword=PHP+AJAX&searchType=auto&paid_fl=n,서울,송파구
/zf_user/jobs/relay/view?view_type=search&rec_idx=41192665&location=ts&searchword=PHP+AJAX&searchType=auto&paid_fl=n,서울,은평구
/zf_user/jobs/relay/view?view_type=search&rec_idx=41320305&location=ts&searchword=PHP+AJAX&searchType=auto&paid_fl=n,대구,동구
/zf_user/jobs/relay/view?view_type=search&rec_idx=41339067&location=ts&searchword=PHP+AJAX&searchType=auto&paid_fl=n,서울,구로구
/zf_user/jobs/relay/view?view_type=search&rec_idx=41446833&location=ts&searchword=PHP+AJAX&searchType=auto&paid_fl=n,경기,성남시 중원구
/zf_user/jobs/relay/view?view_type=search&rec_idx=41610402&location=ts&searchword=PHP+AJAX&searchType=auto&paid_fl=n,서울,금천구
/zf_user/jobs/relay/view?view_type=search&rec_idx=41615158&location=ts&searchword=PHP+AJAX&searchType=auto&paid_fl=n,경기,성남시
/zf_user/jobs/relay/view?view_type=search&rec_idx=41020056&location=ts&searchword=PHP+AJAX&searchType=auto&paid_fl=n,서울전체,
/zf_user/jobs/relay/view?view_type=search&rec_idx=40415706&location=ts&searchword=PHP+AJAX&searchType=auto&paid_fl=n,서울전체,
/zf_user/jobs/relay/view?view_type=search&rec_idx=40369554&location=ts&searchword=PHP+AJAX&searchType=auto&paid_fl=n,서울전체,
/zf_user/jobs/relay/view?view_type=search&rec_idx=41628491&location=ts&searchword=PHP+AJAX&searchType=auto&paid_fl=n,서울,송파구
/zf_user/jobs/relay/view?view_type=search&rec_idx=40316028&location=ts&searchword=PHP+AJAX&searchType=auto&paid_fl=n,서울,강남구
/zf_user/jobs/relay/view?view_type=search&rec_idx=41064089&location=ts&searchword=PHP+AJAX&searchType=auto&paid_fl=n,서울전체,
/zf_user/jobs/relay/view?view_type=search&rec_idx=39707953&location=ts&searchword=PHP+AJAX&searchType=auto&paid_fl=n,서울,마포구
/zf_user/jobs/relay/view?view_type=search&rec_idx=39704167&location=ts&searchword=PHP+AJAX&searchType=auto&paid_fl=n,서울,강남구
/zf_user/jobs/relay/view?view_type=search&rec_idx=41574469&location=ts&searchword=PHP+AJAX&searchType=auto&paid_fl=n,부산전체,
/zf_user/jobs/relay/view?view_type=search&rec_idx=40334346&location=ts&searchword=PHP+AJAX&searchType=auto&paid_fl=n,서울,구로구
/zf_user/jobs/relay/view?view_type=search&rec_idx=40247617&location=ts&searchword=PHP+AJAX&searchType=auto&paid_fl=n,서울,강동구
/zf_user/jobs/relay/view?view_type=search&rec_idx=40285458&location=ts&searchword=PHP+AJAX&searchType=auto&paid_fl=n,서울,강남구
/zf_user/jobs/relay/view?view_type=search&rec_idx=40314779&location=ts&searchword=PHP+AJAX&searchType=auto&paid_fl=n,서울,송파구
/zf_user/jobs/relay/view?view_type=search&rec_idx=39924323&location=ts&searchword=PHP+AJAX&searchType=auto&paid_fl=n,서울,마포구
/zf_user/jobs/relay/view?view_type=search&rec_idx=39933528&location=ts&searchword=PHP+AJAX&searchType=auto&paid_fl=n,서울,서초구
/zf_user/jobs/relay/view?view_type=search&rec_idx=41493476&location=ts&searchword=PHP+AJAX&searchType=auto&paid_fl=n,서울전체,
/zf_user/jobs/relay/view?view_type=search&rec_idx=39715802&location=ts&searchword=PHP+AJAX&searchType=auto&paid_fl=n,서울,강남구
/zf_user/jobs/relay/view?view_type=search&rec_idx=39736860&location=ts&searchword=PHP+AJAX&searchType=auto&paid_fl=n,서울,강남구
/zf_user/jobs/relay/view?view_type=search&rec_idx=40767710&location=ts&searchword=PHP+AJAX&searchType=auto&paid_fl=n,서울전체,
/zf_user/jobs/relay/view?view_type=search&rec_idx=40574673&location=ts&searchword=PHP+AJAX&searchType=auto&paid_fl=n,서울전체,
/zf_user/jobs/relay/view?view_type=search&rec_idx=40378823&location=ts&searchword=PHP+AJAX&searchType=auto&paid_fl=n,서울,강남구
/zf_user/jobs/relay/view?view_type=search&rec_idx=40337723&location=ts&searchword=PHP+AJAX&searchType=auto&paid_fl=n,경기,성남시 수정구
/zf_user/jobs/relay/view?view_type=search&rec_idx=39739876&location=ts&searchword=PHP+AJAX&searchType=auto&paid_fl=n,서울,강남구
/zf_user/jobs/relay/view?view_type=search&rec_idx=40318827&location=ts&searchword=PHP+AJAX&searchType=auto&paid_fl=n,서울,서초구
/zf_user/jobs/relay/view?view_type=search&rec_idx=40696253&location=ts&searchword=PHP+AJAX&searchType=auto&paid_fl=n,경기,고양시 일산동구
/zf_user/jobs/relay/view?view_type=search&rec_idx=40294356&location=ts&searchword=PHP+AJAX&searchType=auto&paid_fl=n,서울,서초구
/zf_user/jobs/relay/view?view_type=search&rec_idx=39711453&location=ts&searchword=PHP+AJAX&searchType=auto&paid_fl=n,서울,강남구
/zf_user/jobs/relay/view?view_type=search&rec_idx=41365007&location=ts&searchword=PHP+AJAX&searchType=auto&paid_fl=n,서울전체,
/zf_user/jobs/relay/view?view_type=search&rec_idx=41422679&location=ts&searchword=PHP+AJAX&searchType=auto&paid_fl=n,서울,영등포구
/zf_user/jobs/relay/view?view_type=search&rec_idx=41451745&location=ts&searchword=PHP+AJAX&searchType=auto&paid_fl=n,경기,성남시 분당구
/zf_user/jobs/relay/view?view_type=search&rec_idx=41584035&location=ts&searchword=PHP+AJAX&searchType=auto&paid_fl=n,서울,송파구
/zf_user/jobs/relay/view?view_type=search&rec_idx=41572676&location=ts&searchword=PHP+AJAX&searchType=auto&paid_fl=n,경기,성남시 분당구
/zf_user/jobs/relay/view?view_type=search&rec_idx=41572425&location=ts&searchword=PHP+AJAX&searchType=auto&paid_fl=n,서울,서대문구
