https://www.oliveyoung.co.kr/store/goods/getGoodsDetail.do?goodsNo=A000000158896&dispCatNo=1000001000200060003&trackingCd=Cat1000001000200060003_Small&curation&egcode&rccode&egrankcode,립틴트 카테고리에,121
https://www.oliveyoung.co.kr/store/goods/getGoodsDetail.do?goodsNo=A000000158893&dispCatNo=1000001000200060003&trackingCd=Cat1000001000200060003_Small&curation&egcode&rccode&egrankcode,립틴트 카테고리에,121
https://www.oliveyoung.co.kr/store/goods/getGoodsDetail.do?goodsNo=A000000148663&dispCatNo=1000001000200060003&trackingCd=Cat1000001000200060003_Small&curation&egcode&rccode&egrankcode,립틴트 카테고리에,121
https://www.oliveyoung.co.kr/store/goods/getGoodsDetail.do?goodsNo=A000000125955&dispCatNo=1000001000200060003&trackingCd=Cat1000001000200060003_Small&curation&egcode&rccode&egrankcode,립틴트 카테고리에,121
https://www.oliveyoung.co.kr/store/goods/getGoodsDetail.do?goodsNo=A000000120880&dispCatNo=1000001000200060003&trackingCd=Cat1000001000200060003_Small&curation&egcode&rccode&egrankcode,립틴트 카테고리에,121
https://www.oliveyoung.co.kr/store/goods/getGoodsDetail.do?goodsNo=A000000145015&dispCatNo=1000001000200060003&trackingCd=Cat1000001000200060003_Small&curation&egcode&rccode&egrankcode,립틴트 카테고리에,121
https://www.oliveyoung.co.kr/store/goods/getGoodsDetail.do?goodsNo=A000000128184&dispCatNo=1000001000200060003&trackingCd=Cat1000001000200060003_Small&curation&egcode&rccode&egrankcode,립틴트 카테고리에,121
https://www.oliveyoung.co.kr/store/goods/getGoodsDetail.do?goodsNo=A000000158147&dispCatNo=1000001000200060003&trackingCd=Cat1000001000200060003_Small&curation&egcode&rccode&egrankcode,립틴트 카테고리에,121
https://www.oliveyoung.co.kr/store/goods/getGoodsDetail.do?goodsNo=A000000155960&dispCatNo=1000001000200060003&trackingCd=Cat1000001000200060003_Small&curation&egcode&rccode&egrankcode,립틴트 카테고리에,121
https://www.oliveyoung.co.kr/store/goods/getGoodsDetail.do?goodsNo=A000000121562&dispCatNo=1000001000200060003&trackingCd=Cat1000001000200060003_Small&curation&egcode&rccode&egrankcode,립틴트 카테고리에,121
https://www.oliveyoung.co.kr/store/goods/getGoodsDetail.do?goodsNo=A000000159355&dispCatNo=1000001000200060003&trackingCd=Cat1000001000200060003_Small&curation&egcode&rccode&egrankcode,립틴트 카테고리에,121
https://www.oliveyoung.co.kr/store/goods/getGoodsDetail.do?goodsNo=A000000149487&dispCatNo=1000001000200060003&trackingCd=Cat1000001000200060003_Small&curation&egcode&rccode&egrankcode,립틴트 카테고리에,121
https://www.oliveyoung.co.kr/store/goods/getGoodsDetail.do?goodsNo=A000000109619&dispCatNo=1000001000200060003&trackingCd=Cat1000001000200060003_Small&curation&egcode&rccode&egrankcode,립틴트 카테고리에,121
https://www.oliveyoung.co.kr/store/goods/getGoodsDetail.do?goodsNo=A000000158148&dispCatNo=1000001000200060003&trackingCd=Cat1000001000200060003_Small&curation&egcode&rccode&egrankcode,립틴트 카테고리에,121
https://www.oliveyoung.co.kr/store/goods/getGoodsDetail.do?goodsNo=A000000140472&dispCatNo=1000001000200060003&trackingCd=Cat1000001000200060003_Small&curation&egcode&rccode&egrankcode,립틴트 카테고리에,121
https://www.oliveyoung.co.kr/store/goods/getGoodsDetail.do?goodsNo=A000000131759&dispCatNo=1000001000200060003&trackingCd=Cat1000001000200060003_Small&curation&egcode&rccode&egrankcode,립틴트 카테고리에,121
https://www.oliveyoung.co.kr/store/goods/getGoodsDetail.do?goodsNo=A000000152162&dispCatNo=1000001000200060003&trackingCd=Cat1000001000200060003_Small&curation&egcode&rccode&egrankcode,립틴트 카테고리에,121
https://www.oliveyoung.co.kr/store/goods/getGoodsDetail.do?goodsNo=A000000136343&dispCatNo=1000001000200060003&trackingCd=Cat1000001000200060003_Small&curation&egcode&rccode&egrankcode,립틴트 카테고리에,121
https://www.oliveyoung.co.kr/store/goods/getGoodsDetail.do?goodsNo=A000000135659&dispCatNo=1000001000200060003&trackingCd=Cat1000001000200060003_Small&curation&egcode&rccode&egrankcode,립틴트 카테고리에,121
https://www.oliveyoung.co.kr/store/goods/getGoodsDetail.do?goodsNo=A000000148591&dispCatNo=1000001000200060003&trackingCd=Cat1000001000200060003_Small&curation&egcode&rccode&egrankcode,립틴트 카테고리에,121
https://www.oliveyoung.co.kr/store/goods/getGoodsDetail.do?goodsNo=A000000149244&dispCatNo=1000001000200060003&trackingCd=Cat1000001000200060003_Small&curation&egcode&rccode&egrankcode,립틴트 카테고리에,121
https://www.oliveyoung.co.kr/store/goods/getGoodsDetail.do?goodsNo=A000000154947&dispCatNo=1000001000200060003&trackingCd=Cat1000001000200060003_Small&curation&egcode&rccode&egrankcode,립틴트 카테고리에,121
https://www.oliveyoung.co.kr/store/goods/getGoodsDetail.do?goodsNo=A000000129062&dispCatNo=1000001000200060003&trackingCd=Cat1000001000200060003_Small&curation&egcode&rccode&egrankcode,립틴트 카테고리에,121
https://www.oliveyoung.co.kr/store/goods/getGoodsDetail.do?goodsNo=A000000115289&dispCatNo=1000001000200060003&trackingCd=Cat1000001000200060003_Small&curation&egcode&rccode&egrankcode,립틴트 카테고리에,121
https://www.oliveyoung.co.kr/store/goods/getGoodsDetail.do?goodsNo=A000000131154&dispCatNo=1000001000200060003&trackingCd=Cat1000001000200060003_Small&curation&egcode&rccode&egrankcode,립틴트 카테고리에,121
https://www.oliveyoung.co.kr/store/goods/getGoodsDetail.do?goodsNo=A000000146725&dispCatNo=1000001000200060003&trackingCd=Cat1000001000200060003_Small&curation&egcode&rccode&egrankcode,립틴트 카테고리에,121
https://www.oliveyoung.co.kr/store/goods/getGoodsDetail.do?goodsNo=A000000152394&dispCatNo=1000001000200060003&trackingCd=Cat1000001000200060003_Small&curation&egcode&rccode&egrankcode,립틴트 카테고리에,121
https://www.oliveyoung.co.kr/store/goods/getGoodsDetail.do?goodsNo=A000000144192&dispCatNo=1000001000200060003&trackingCd=Cat1000001000200060003_Small&curation&egcode&rccode&egrankcode,립틴트 카테고리에,121
https://www.oliveyoung.co.kr/store/goods/getGoodsDetail.do?goodsNo=A000000102888&dispCatNo=1000001000200060003&trackingCd=Cat1000001000200060003_Small&curation&egcode&rccode&egrankcode,립틴트 카테고리에,121
https://www.oliveyoung.co.kr/store/goods/getGoodsDetail.do?goodsNo=A000000144883&dispCatNo=1000001000200060003&trackingCd=Cat1000001000200060003_Small&curation&egcode&rccode&egrankcode,립틴트 카테고리에,121
https://www.oliveyoung.co.kr/store/goods/getGoodsDetail.do?goodsNo=A000000017006&dispCatNo=1000001000200060003&trackingCd=Cat1000001000200060003_Small&curation&egcode&rccode&egrankcode,립틴트 카테고리에,121
https://www.oliveyoung.co.kr/store/goods/getGoodsDetail.do?goodsNo=A000000139920&dispCatNo=1000001000200060003&trackingCd=Cat1000001000200060003_Small&curation&egcode&rccode&egrankcode,립틴트 카테고리에,121
https://www.oliveyoung.co.kr/store/goods/getGoodsDetail.do?goodsNo=A000000152764&dispCatNo=1000001000200060003&trackingCd=Cat1000001000200060003_Small&curation&egcode&rccode&egrankcode,립틴트 카테고리에,121
https://www.oliveyoung.co.kr/store/goods/getGoodsDetail.do?goodsNo=A000000148662&dispCatNo=1000001000200060003&trackingCd=Cat1000001000200060003_Small&curation&egcode&rccode&egrankcode,립틴트 카테고리에,121
https://www.oliveyoung.co.kr/store/goods/getGoodsDetail.do?goodsNo=A000000158887&dispCatNo=1000001000200060003&trackingCd=Cat1000001000200060003_Small&curation&egcode&rccode&egrankcode,립틴트 카테고리에,121
https://www.oliveyoung.co.kr/store/goods/getGoodsDetail.do?goodsNo=A000000129219&dispCatNo=1000001000200060003&trackingCd=Cat1000001000200060003_Small&curation&egcode&rccode&egrankcode,립틴트 카테고리에,121
https://www.oliveyoung.co.kr/store/goods/getGoodsDetail.do?goodsNo=A000000127511&dispCatNo=1000001000200060003&trackingCd=Cat1000001000200060003_Small&curation&egcode&rccode&egrankcode,립틴트 카테고리에,121
https://www.oliveyoung.co.kr/store/goods/getGoodsDetail.do?goodsNo=A000000143026&dispCatNo=1000001000200060003&trackingCd=Cat1000001000200060003_Small&curation&egcode&rccode&egrankcode,립틴트 카테고리에,121
https://www.oliveyoung.co.kr/store/goods/getGoodsDetail.do?goodsNo=A000000159377&dispCatNo=1000001000200060003&trackingCd=Cat1000001000200060003_Small&curation&egcode&rccode&egrankcode,립틴트 카테고리에,121
https://www.oliveyoung.co.kr/store/goods/getGoodsDetail.do?goodsNo=A000000156292&dispCatNo=1000001000200060003&trackingCd=Cat1000001000200060003_Small&curation&egcode&rccode&egrankcode,립틴트 카테고리에,121
https://www.oliveyoung.co.kr/store/goods/getGoodsDetail.do?goodsNo=A000000153231&dispCatNo=1000001000200060003&trackingCd=Cat1000001000200060003_Small&curation&egcode&rccode&egrankcode,립틴트 카테고리에,121
https://www.oliveyoung.co.kr/store/goods/getGoodsDetail.do?goodsNo=A000000151444&dispCatNo=1000001000200060003&trackingCd=Cat1000001000200060003_Small&curation&egcode&rccode&egrankcode,립틴트 카테고리에,121
https://www.oliveyoung.co.kr/store/goods/getGoodsDetail.do?goodsNo=A000000157696&dispCatNo=1000001000200060003&trackingCd=Cat1000001000200060003_Small&curation&egcode&rccode&egrankcode,립틴트 카테고리에,121
https://www.oliveyoung.co.kr/store/goods/getGoodsDetail.do?goodsNo=A000000148661&dispCatNo=1000001000200060003&trackingCd=Cat1000001000200060003_Small&curation&egcode&rccode&egrankcode,립틴트 카테고리에,121
https://www.oliveyoung.co.kr/store/goods/getGoodsDetail.do?goodsNo=A000000144876&dispCatNo=1000001000200060003&trackingCd=Cat1000001000200060003_Small&curation&egcode&rccode&egrankcode,립틴트 카테고리에,121
https://www.oliveyoung.co.kr/store/goods/getGoodsDetail.do?goodsNo=A000000119882&dispCatNo=1000001000200060003&trackingCd=Cat1000001000200060003_Small&curation&egcode&rccode&egrankcode,립틴트 카테고리에,121
https://www.oliveyoung.co.kr/store/goods/getGoodsDetail.do?goodsNo=A000000111852&dispCatNo=1000001000200060003&trackingCd=Cat1000001000200060003_Small&curation&egcode&rccode&egrankcode,립틴트 카테고리에,121
https://www.oliveyoung.co.kr/store/goods/getGoodsDetail.do?goodsNo=A000000145114&dispCatNo=1000001000200060003&trackingCd=Cat1000001000200060003_Small&curation&egcode&rccode&egrankcode,립틴트 카테고리에,121
https://www.oliveyoung.co.kr/store/goods/getGoodsDetail.do?goodsNo=A000000158896&dispCatNo=1000001000200060003&trackingCd=Cat1000001000200060003_Small&curation&egcode&rccode&egrankcode,립틴트 카테고리에,121
https://www.oliveyoung.co.kr/store/goods/getGoodsDetail.do?goodsNo=A000000148663&dispCatNo=1000001000200060003&trackingCd=Cat1000001000200060003_Small&curation&egcode&rccode&egrankcode,립틴트 카테고리에,121
https://www.oliveyoung.co.kr/store/goods/getGoodsDetail.do?goodsNo=A000000158893&dispCatNo=1000001000200060003&trackingCd=Cat1000001000200060003_Small&curation&egcode&rccode&egrankcode,립틴트 카테고리에,121
https://www.oliveyoung.co.kr/store/goods/getGoodsDetail.do?goodsNo=A000000120880&dispCatNo=1000001000200060003&trackingCd=Cat1000001000200060003_Small&curation&egcode&rccode&egrankcode,립틴트 카테고리에,121
https://www.oliveyoung.co.kr/store/goods/getGoodsDetail.do?goodsNo=A000000145015&dispCatNo=1000001000200060003&trackingCd=Cat1000001000200060003_Small&curation&egcode&rccode&egrankcode,립틴트 카테고리에,121
https://www.oliveyoung.co.kr/store/goods/getGoodsDetail.do?goodsNo=A000000125955&dispCatNo=1000001000200060003&trackingCd=Cat1000001000200060003_Small&curation&egcode&rccode&egrankcode,립틴트 카테고리에,121
https://www.oliveyoung.co.kr/store/goods/getGoodsDetail.do?goodsNo=A000000158147&dispCatNo=1000001000200060003&trackingCd=Cat1000001000200060003_Small&curation&egcode&rccode&egrankcode,립틴트 카테고리에,121
https://www.oliveyoung.co.kr/store/goods/getGoodsDetail.do?goodsNo=A000000152394&dispCatNo=1000001000200060003&trackingCd=Cat1000001000200060003_Small&curation&egcode&rccode&egrankcode,립틴트 카테고리에,121
https://www.oliveyoung.co.kr/store/goods/getGoodsDetail.do?goodsNo=A000000128184&dispCatNo=1000001000200060003&trackingCd=Cat1000001000200060003_Small&curation&egcode&rccode&egrankcode,립틴트 카테고리에,121
https://www.oliveyoung.co.kr/store/goods/getGoodsDetail.do?goodsNo=A000000155960&dispCatNo=1000001000200060003&trackingCd=Cat1000001000200060003_Small&curation&egcode&rccode&egrankcode,립틴트 카테고리에,121
https://www.oliveyoung.co.kr/store/goods/getGoodsDetail.do?goodsNo=A000000109619&dispCatNo=1000001000200060003&trackingCd=Cat1000001000200060003_Small&curation&egcode&rccode&egrankcode,립틴트 카테고리에,121
https://www.oliveyoung.co.kr/store/goods/getGoodsDetail.do?goodsNo=A000000121562&dispCatNo=1000001000200060003&trackingCd=Cat1000001000200060003_Small&curation&egcode&rccode&egrankcode,립틴트 카테고리에,121
https://www.oliveyoung.co.kr/store/goods/getGoodsDetail.do?goodsNo=A000000159355&dispCatNo=1000001000200060003&trackingCd=Cat1000001000200060003_Small&curation&egcode&rccode&egrankcode,립틴트 카테고리에,121
https://www.oliveyoung.co.kr/store/goods/getGoodsDetail.do?goodsNo=A000000146725&dispCatNo=1000001000200060003&trackingCd=Cat1000001000200060003_Small&curation&egcode&rccode&egrankcode,립틴트 카테고리에,121
https://www.oliveyoung.co.kr/store/goods/getGoodsDetail.do?goodsNo=A000000149244&dispCatNo=1000001000200060003&trackingCd=Cat1000001000200060003_Small&curation&egcode&rccode&egrankcode,립틴트 카테고리에,121
https://www.oliveyoung.co.kr/store/goods/getGoodsDetail.do?goodsNo=A000000152162&dispCatNo=1000001000200060003&trackingCd=Cat1000001000200060003_Small&curation&egcode&rccode&egrankcode,립틴트 카테고리에,121
https://www.oliveyoung.co.kr/store/goods/getGoodsDetail.do?goodsNo=A000000136343&dispCatNo=1000001000200060003&trackingCd=Cat1000001000200060003_Small&curation&egcode&rccode&egrankcode,립틴트 카테고리에,121
https://www.oliveyoung.co.kr/store/goods/getGoodsDetail.do?goodsNo=A000000148591&dispCatNo=1000001000200060003&trackingCd=Cat1000001000200060003_Small&curation&egcode&rccode&egrankcode,립틴트 카테고리에,121
https://www.oliveyoung.co.kr/store/goods/getGoodsDetail.do?goodsNo=A000000102888&dispCatNo=1000001000200060003&trackingCd=Cat1000001000200060003_Small&curation&egcode&rccode&egrankcode,립틴트 카테고리에,121
https://www.oliveyoung.co.kr/store/goods/getGoodsDetail.do?goodsNo=A000000144883&dispCatNo=1000001000200060003&trackingCd=Cat1000001000200060003_Small&curation&egcode&rccode&egrankcode,립틴트 카테고리에,121
https://www.oliveyoung.co.kr/store/goods/getGoodsDetail.do?goodsNo=A000000140472&dispCatNo=1000001000200060003&trackingCd=Cat1000001000200060003_Small&curation&egcode&rccode&egrankcode,립틴트 카테고리에,121
https://www.oliveyoung.co.kr/store/goods/getGoodsDetail.do?goodsNo=A000000131154&dispCatNo=1000001000200060003&trackingCd=Cat1000001000200060003_Small&curation&egcode&rccode&egrankcode,립틴트 카테고리에,121
https://www.oliveyoung.co.kr/store/goods/getGoodsDetail.do?goodsNo=A000000149487&dispCatNo=1000001000200060003&trackingCd=Cat1000001000200060003_Small&curation&egcode&rccode&egrankcode,립틴트 카테고리에,121
https://www.oliveyoung.co.kr/store/goods/getGoodsDetail.do?goodsNo=A000000156292&dispCatNo=1000001000200060003&trackingCd=Cat1000001000200060003_Small&curation&egcode&rccode&egrankcode,립틴트 카테고리에,121
https://www.oliveyoung.co.kr/store/goods/getGoodsDetail.do?goodsNo=A000000158148&dispCatNo=1000001000200060003&trackingCd=Cat1000001000200060003_Small&curation&egcode&rccode&egrankcode,립틴트 카테고리에,121
https://www.oliveyoung.co.kr/store/goods/getGoodsDetail.do?goodsNo=A000000127511&dispCatNo=1000001000200060003&trackingCd=Cat1000001000200060003_Small&curation&egcode&rccode&egrankcode,립틴트 카테고리에,121
https://www.oliveyoung.co.kr/store/goods/getGoodsDetail.do?goodsNo=A000000017006&dispCatNo=1000001000200060003&trackingCd=Cat1000001000200060003_Small&curation&egcode&rccode&egrankcode,립틴트 카테고리에,121
https://www.oliveyoung.co.kr/store/goods/getGoodsDetail.do?goodsNo=A000000158294&dispCatNo=1000001000200060003&trackingCd=Cat1000001000200060003_Small&curation&egcode&rccode&egrankcode,립틴트 카테고리에,121
https://www.oliveyoung.co.kr/store/goods/getGoodsDetail.do?goodsNo=A000000139920&dispCatNo=1000001000200060003&trackingCd=Cat1000001000200060003_Small&curation&egcode&rccode&egrankcode,립틴트 카테고리에,121
https://www.oliveyoung.co.kr/store/goods/getGoodsDetail.do?goodsNo=A000000129062&dispCatNo=1000001000200060003&trackingCd=Cat1000001000200060003_Small&curation&egcode&rccode&egrankcode,립틴트 카테고리에,121
https://www.oliveyoung.co.kr/store/goods/getGoodsDetail.do?goodsNo=A000000159377&dispCatNo=1000001000200060003&trackingCd=Cat1000001000200060003_Small&curation&egcode&rccode&egrankcode,립틴트 카테고리에,121
https://www.oliveyoung.co.kr/store/goods/getGoodsDetail.do?goodsNo=A000000158887&dispCatNo=1000001000200060003&trackingCd=Cat1000001000200060003_Small&curation&egcode&rccode&egrankcode,립틴트 카테고리에,121
https://www.oliveyoung.co.kr/store/goods/getGoodsDetail.do?goodsNo=A000000131759&dispCatNo=1000001000200060003&trackingCd=Cat1000001000200060003_Small&curation&egcode&rccode&egrankcode,립틴트 카테고리에,121
https://www.oliveyoung.co.kr/store/goods/getGoodsDetail.do?goodsNo=A000000148649&dispCatNo=1000001000200060003&trackingCd=Cat1000001000200060003_Small&curation&egcode&rccode&egrankcode,립틴트 카테고리에,121
https://www.oliveyoung.co.kr/store/goods/getGoodsDetail.do?goodsNo=A000000144876&dispCatNo=1000001000200060003&trackingCd=Cat1000001000200060003_Small&curation&egcode&rccode&egrankcode,립틴트 카테고리에,121
https://www.oliveyoung.co.kr/store/goods/getGoodsDetail.do?goodsNo=A000000129219&dispCatNo=1000001000200060003&trackingCd=Cat1000001000200060003_Small&curation&egcode&rccode&egrankcode,립틴트 카테고리에,121
https://www.oliveyoung.co.kr/store/goods/getGoodsDetail.do?goodsNo=A000000144192&dispCatNo=1000001000200060003&trackingCd=Cat1000001000200060003_Small&curation&egcode&rccode&egrankcode,립틴트 카테고리에,121
https://www.oliveyoung.co.kr/store/goods/getGoodsDetail.do?goodsNo=A000000127814&dispCatNo=1000001000200060003&trackingCd=Cat1000001000200060003_Small&curation&egcode&rccode&egrankcode,립틴트 카테고리에,121
https://www.oliveyoung.co.kr/store/goods/getGoodsDetail.do?goodsNo=A000000158896&dispCatNo=1000001000200060003&trackingCd=Cat1000001000200060003_Small&curation&egcode&rccode&egrankcode,립틴트 카테고리에,30.25
https://www.oliveyoung.co.kr/store/goods/getGoodsDetail.do?goodsNo=A000000158893&dispCatNo=1000001000200060003&trackingCd=Cat1000001000200060003_Small&curation&egcode&rccode&egrankcode,립틴트 카테고리에,30.25
https://www.oliveyoung.co.kr/store/goods/getGoodsDetail.do?goodsNo=A000000120880&dispCatNo=1000001000200060003&trackingCd=Cat1000001000200060003_Small&curation&egcode&rccode&egrankcode,립틴트 카테고리에,30.25
https://www.oliveyoung.co.kr/store/goods/getGoodsDetail.do?goodsNo=A000000125955&dispCatNo=1000001000200060003&trackingCd=Cat1000001000200060003_Small&curation&egcode&rccode&egrankcode,립틴트 카테고리에,30.25
https://www.oliveyoung.co.kr/store/goods/getGoodsDetail.do?goodsNo=A000000148663&dispCatNo=1000001000200060003&trackingCd=Cat1000001000200060003_Small&curation&egcode&rccode&egrankcode,립틴트 카테고리에,30.25
https://www.oliveyoung.co.kr/store/goods/getGoodsDetail.do?goodsNo=A000000145015&dispCatNo=1000001000200060003&trackingCd=Cat1000001000200060003_Small&curation&egcode&rccode&egrankcode,립틴트 카테고리에,30.25
https://www.oliveyoung.co.kr/store/goods/getGoodsDetail.do?goodsNo=A000000158147&dispCatNo=1000001000200060003&trackingCd=Cat1000001000200060003_Small&curation&egcode&rccode&egrankcode,립틴트 카테고리에,30.25
https://www.oliveyoung.co.kr/store/goods/getGoodsDetail.do?goodsNo=A000000128184&dispCatNo=1000001000200060003&trackingCd=Cat1000001000200060003_Small&curation&egcode&rccode&egrankcode,립틴트 카테고리에,30.25
https://www.oliveyoung.co.kr/store/goods/getGoodsDetail.do?goodsNo=A000000155960&dispCatNo=1000001000200060003&trackingCd=Cat1000001000200060003_Small&curation&egcode&rccode&egrankcode,립틴트 카테고리에,30.25
https://www.oliveyoung.co.kr/store/goods/getGoodsDetail.do?goodsNo=A000000136343&dispCatNo=1000001000200060003&trackingCd=Cat1000001000200060003_Small&curation&egcode&rccode&egrankcode,립틴트 카테고리에,30.25
https://www.oliveyoung.co.kr/store/goods/getGoodsDetail.do?goodsNo=A000000109619&dispCatNo=1000001000200060003&trackingCd=Cat1000001000200060003_Small&curation&egcode&rccode&egrankcode,립틴트 카테고리에,30.25
https://www.oliveyoung.co.kr/store/goods/getGoodsDetail.do?goodsNo=A000000121562&dispCatNo=1000001000200060003&trackingCd=Cat1000001000200060003_Small&curation&egcode&rccode&egrankcode,립틴트 카테고리에,30.25
https://www.oliveyoung.co.kr/store/goods/getGoodsDetail.do?goodsNo=A000000149487&dispCatNo=1000001000200060003&trackingCd=Cat1000001000200060003_Small&curation&egcode&rccode&egrankcode,립틴트 카테고리에,30.25
https://www.oliveyoung.co.kr/store/goods/getGoodsDetail.do?goodsNo=A000000148591&dispCatNo=1000001000200060003&trackingCd=Cat1000001000200060003_Small&curation&egcode&rccode&egrankcode,립틴트 카테고리에,30.25
https://www.oliveyoung.co.kr/store/goods/getGoodsDetail.do?goodsNo=A000000131154&dispCatNo=1000001000200060003&trackingCd=Cat1000001000200060003_Small&curation&egcode&rccode&egrankcode,립틴트 카테고리에,30.25
https://www.oliveyoung.co.kr/store/goods/getGoodsDetail.do?goodsNo=A000000152394&dispCatNo=1000001000200060003&trackingCd=Cat1000001000200060003_Small&curation&egcode&rccode&egrankcode,립틴트 카테고리에,30.25
https://www.oliveyoung.co.kr/store/goods/getGoodsDetail.do?goodsNo=A000000152162&dispCatNo=1000001000200060003&trackingCd=Cat1000001000200060003_Small&curation&egcode&rccode&egrankcode,립틴트 카테고리에,30.25
https://www.oliveyoung.co.kr/store/goods/getGoodsDetail.do?goodsNo=A000000139920&dispCatNo=1000001000200060003&trackingCd=Cat1000001000200060003_Small&curation&egcode&rccode&egrankcode,립틴트 카테고리에,30.25
https://www.oliveyoung.co.kr/store/goods/getGoodsDetail.do?goodsNo=A000000158148&dispCatNo=1000001000200060003&trackingCd=Cat1000001000200060003_Small&curation&egcode&rccode&egrankcode,립틴트 카테고리에,30.25
https://www.oliveyoung.co.kr/store/goods/getGoodsDetail.do?goodsNo=A000000146725&dispCatNo=1000001000200060003&trackingCd=Cat1000001000200060003_Small&curation&egcode&rccode&egrankcode,립틴트 카테고리에,30.25
https://www.oliveyoung.co.kr/store/goods/getGoodsDetail.do?goodsNo=A000000102888&dispCatNo=1000001000200060003&trackingCd=Cat1000001000200060003_Small&curation&egcode&rccode&egrankcode,립틴트 카테고리에,30.25
https://www.oliveyoung.co.kr/store/goods/getGoodsDetail.do?goodsNo=A000000149244&dispCatNo=1000001000200060003&trackingCd=Cat1000001000200060003_Small&curation&egcode&rccode&egrankcode,립틴트 카테고리에,30.25
https://www.oliveyoung.co.kr/store/goods/getGoodsDetail.do?goodsNo=A000000159377&dispCatNo=1000001000200060003&trackingCd=Cat1000001000200060003_Small&curation&egcode&rccode&egrankcode,립틴트 카테고리에,30.25
https://www.oliveyoung.co.kr/store/goods/getGoodsDetail.do?goodsNo=A000000127511&dispCatNo=1000001000200060003&trackingCd=Cat1000001000200060003_Small&curation&egcode&rccode&egrankcode,립틴트 카테고리에,30.25
https://www.oliveyoung.co.kr/store/goods/getGoodsDetail.do?goodsNo=A000000129062&dispCatNo=1000001000200060003&trackingCd=Cat1000001000200060003_Small&curation&egcode&rccode&egrankcode,립틴트 카테고리에,30.25
https://www.oliveyoung.co.kr/store/goods/getGoodsDetail.do?goodsNo=A000000144883&dispCatNo=1000001000200060003&trackingCd=Cat1000001000200060003_Small&curation&egcode&rccode&egrankcode,립틴트 카테고리에,30.25
https://www.oliveyoung.co.kr/store/goods/getGoodsDetail.do?goodsNo=A000000148646&dispCatNo=1000001000200060003&trackingCd=Cat1000001000200060003_Small&curation&egcode&rccode&egrankcode,립틴트 카테고리에,30.25
https://www.oliveyoung.co.kr/store/goods/getGoodsDetail.do?goodsNo=A000000159355&dispCatNo=1000001000200060003&trackingCd=Cat1000001000200060003_Small&curation&egcode&rccode&egrankcode,립틴트 카테고리에,30.25
https://www.oliveyoung.co.kr/store/goods/getGoodsDetail.do?goodsNo=A000000148560&dispCatNo=1000001000200060003&trackingCd=Cat1000001000200060003_Small&curation&egcode&rccode&egrankcode,립틴트 카테고리에,30.25
https://www.oliveyoung.co.kr/store/goods/getGoodsDetail.do?goodsNo=A000000156292&dispCatNo=1000001000200060003&trackingCd=Cat1000001000200060003_Small&curation&egcode&rccode&egrankcode,립틴트 카테고리에,30.25
https://www.oliveyoung.co.kr/store/goods/getGoodsDetail.do?goodsNo=A000000152764&dispCatNo=1000001000200060003&trackingCd=Cat1000001000200060003_Small&curation&egcode&rccode&egrankcode,립틴트 카테고리에,30.25
https://www.oliveyoung.co.kr/store/goods/getGoodsDetail.do?goodsNo=A000000131759&dispCatNo=1000001000200060003&trackingCd=Cat1000001000200060003_Small&curation&egcode&rccode&egrankcode,립틴트 카테고리에,30.25
https://www.oliveyoung.co.kr/store/goods/getGoodsDetail.do?goodsNo=A000000148662&dispCatNo=1000001000200060003&trackingCd=Cat1000001000200060003_Small&curation&egcode&rccode&egrankcode,립틴트 카테고리에,30.25
https://www.oliveyoung.co.kr/store/goods/getGoodsDetail.do?goodsNo=A000000017006&dispCatNo=1000001000200060003&trackingCd=Cat1000001000200060003_Small&curation&egcode&rccode&egrankcode,립틴트 카테고리에,30.25
https://www.oliveyoung.co.kr/store/goods/getGoodsDetail.do?goodsNo=A000000144876&dispCatNo=1000001000200060003&trackingCd=Cat1000001000200060003_Small&curation&egcode&rccode&egrankcode,립틴트 카테고리에,30.25
https://www.oliveyoung.co.kr/store/goods/getGoodsDetail.do?goodsNo=A000000130986&dispCatNo=1000001000200060003&trackingCd=Cat1000001000200060003_Small&curation&egcode&rccode&egrankcode,립틴트 카테고리에,30.25
https://www.oliveyoung.co.kr/store/goods/getGoodsDetail.do?goodsNo=A000000122382&dispCatNo=1000001000200060003&trackingCd=Cat1000001000200060003_Small&curation&egcode&rccode&egrankcode,립틴트 카테고리에,30.25
https://www.oliveyoung.co.kr/store/goods/getGoodsDetail.do?goodsNo=A000000156875&dispCatNo=1000001000200060003&trackingCd=Cat1000001000200060003_Small&curation&egcode&rccode&egrankcode,립틴트 카테고리에,30.25
https://www.oliveyoung.co.kr/store/goods/getGoodsDetail.do?goodsNo=A000000123925&dispCatNo=1000001000200060003&trackingCd=Cat1000001000200060003_Small&curation&egcode&rccode&egrankcode,립틴트 카테고리에,30.25
https://www.oliveyoung.co.kr/store/goods/getGoodsDetail.do?goodsNo=A000000140472&dispCatNo=1000001000200060003&trackingCd=Cat1000001000200060003_Small&curation&egcode&rccode&egrankcode,립틴트 카테고리에,30.25
https://www.oliveyoung.co.kr/store/goods/getGoodsDetail.do?goodsNo=A000000148649&dispCatNo=1000001000200060003&trackingCd=Cat1000001000200060003_Small&curation&egcode&rccode&egrankcode,립틴트 카테고리에,30.25
https://www.oliveyoung.co.kr/store/goods/getGoodsDetail.do?goodsNo=A000000140563&dispCatNo=1000001000200060003&trackingCd=Cat1000001000200060003_Small&curation&egcode&rccode&egrankcode,립틴트 카테고리에,30.25
https://www.oliveyoung.co.kr/store/goods/getGoodsDetail.do?goodsNo=A000000143026&dispCatNo=1000001000200060003&trackingCd=Cat1000001000200060003_Small&curation&egcode&rccode&egrankcode,립틴트 카테고리에,30.25
https://www.oliveyoung.co.kr/store/goods/getGoodsDetail.do?goodsNo=A000000130101&dispCatNo=1000001000200060003&trackingCd=Cat1000001000200060003_Small&curation&egcode&rccode&egrankcode,립틴트 카테고리에,30.25
https://www.oliveyoung.co.kr/store/goods/getGoodsDetail.do?goodsNo=A000000129219&dispCatNo=1000001000200060003&trackingCd=Cat1000001000200060003_Small&curation&egcode&rccode&egrankcode,립틴트 카테고리에,30.25
https://www.oliveyoung.co.kr/store/goods/getGoodsDetail.do?goodsNo=A000000121753&dispCatNo=1000001000200060003&trackingCd=Cat1000001000200060003_Small&curation&egcode&rccode&egrankcode,립틴트 카테고리에,30.25
https://www.oliveyoung.co.kr/store/goods/getGoodsDetail.do?goodsNo=A000000148542&dispCatNo=1000001000200060003&trackingCd=Cat1000001000200060003_Small&curation&egcode&rccode&egrankcode,립틴트 카테고리에,30.25
https://www.oliveyoung.co.kr/store/goods/getGoodsDetail.do?goodsNo=A000000127814&dispCatNo=1000001000200060003&trackingCd=Cat1000001000200060003_Small&curation&egcode&rccode&egrankcode,립틴트 카테고리에,30.25
https://www.oliveyoung.co.kr/store/goods/getGoodsDetail.do?goodsNo=A000000158896&dispCatNo=1000001000200060003&trackingCd=Cat1000001000200060003_Small&curation&egcode&rccode&egrankcode,립틴트 카테고리에,30.25
https://www.oliveyoung.co.kr/store/goods/getGoodsDetail.do?goodsNo=A000000158893&dispCatNo=1000001000200060003&trackingCd=Cat1000001000200060003_Small&curation&egcode&rccode&egrankcode,립틴트 카테고리에,30.25
https://www.oliveyoung.co.kr/store/goods/getGoodsDetail.do?goodsNo=A000000120880&dispCatNo=1000001000200060003&trackingCd=Cat1000001000200060003_Small&curation&egcode&rccode&egrankcode,립틴트 카테고리에,30.25
https://www.oliveyoung.co.kr/store/goods/getGoodsDetail.do?goodsNo=A000000125955&dispCatNo=1000001000200060003&trackingCd=Cat1000001000200060003_Small&curation&egcode&rccode&egrankcode,립틴트 카테고리에,30.25
https://www.oliveyoung.co.kr/store/goods/getGoodsDetail.do?goodsNo=A000000148663&dispCatNo=1000001000200060003&trackingCd=Cat1000001000200060003_Small&curation&egcode&rccode&egrankcode,립틴트 카테고리에,30.25
https://www.oliveyoung.co.kr/store/goods/getGoodsDetail.do?goodsNo=A000000145015&dispCatNo=1000001000200060003&trackingCd=Cat1000001000200060003_Small&curation&egcode&rccode&egrankcode,립틴트 카테고리에,30.25
https://www.oliveyoung.co.kr/store/goods/getGoodsDetail.do?goodsNo=A000000158147&dispCatNo=1000001000200060003&trackingCd=Cat1000001000200060003_Small&curation&egcode&rccode&egrankcode,립틴트 카테고리에,30.25
https://www.oliveyoung.co.kr/store/goods/getGoodsDetail.do?goodsNo=A000000128184&dispCatNo=1000001000200060003&trackingCd=Cat1000001000200060003_Small&curation&egcode&rccode&egrankcode,립틴트 카테고리에,30.25
https://www.oliveyoung.co.kr/store/goods/getGoodsDetail.do?goodsNo=A000000155960&dispCatNo=1000001000200060003&trackingCd=Cat1000001000200060003_Small&curation&egcode&rccode&egrankcode,립틴트 카테고리에,30.25
https://www.oliveyoung.co.kr/store/goods/getGoodsDetail.do?goodsNo=A000000136343&dispCatNo=1000001000200060003&trackingCd=Cat1000001000200060003_Small&curation&egcode&rccode&egrankcode,립틴트 카테고리에,30.25
https://www.oliveyoung.co.kr/store/goods/getGoodsDetail.do?goodsNo=A000000109619&dispCatNo=1000001000200060003&trackingCd=Cat1000001000200060003_Small&curation&egcode&rccode&egrankcode,립틴트 카테고리에,30.25
https://www.oliveyoung.co.kr/store/goods/getGoodsDetail.do?goodsNo=A000000121562&dispCatNo=1000001000200060003&trackingCd=Cat1000001000200060003_Small&curation&egcode&rccode&egrankcode,립틴트 카테고리에,30.25
https://www.oliveyoung.co.kr/store/goods/getGoodsDetail.do?goodsNo=A000000149487&dispCatNo=1000001000200060003&trackingCd=Cat1000001000200060003_Small&curation&egcode&rccode&egrankcode,립틴트 카테고리에,30.25
https://www.oliveyoung.co.kr/store/goods/getGoodsDetail.do?goodsNo=A000000148591&dispCatNo=1000001000200060003&trackingCd=Cat1000001000200060003_Small&curation&egcode&rccode&egrankcode,립틴트 카테고리에,30.25
https://www.oliveyoung.co.kr/store/goods/getGoodsDetail.do?goodsNo=A000000131154&dispCatNo=1000001000200060003&trackingCd=Cat1000001000200060003_Small&curation&egcode&rccode&egrankcode,립틴트 카테고리에,30.25
https://www.oliveyoung.co.kr/store/goods/getGoodsDetail.do?goodsNo=A000000152394&dispCatNo=1000001000200060003&trackingCd=Cat1000001000200060003_Small&curation&egcode&rccode&egrankcode,립틴트 카테고리에,30.25
https://www.oliveyoung.co.kr/store/goods/getGoodsDetail.do?goodsNo=A000000152162&dispCatNo=1000001000200060003&trackingCd=Cat1000001000200060003_Small&curation&egcode&rccode&egrankcode,립틴트 카테고리에,30.25
https://www.oliveyoung.co.kr/store/goods/getGoodsDetail.do?goodsNo=A000000139920&dispCatNo=1000001000200060003&trackingCd=Cat1000001000200060003_Small&curation&egcode&rccode&egrankcode,립틴트 카테고리에,30.25
https://www.oliveyoung.co.kr/store/goods/getGoodsDetail.do?goodsNo=A000000158148&dispCatNo=1000001000200060003&trackingCd=Cat1000001000200060003_Small&curation&egcode&rccode&egrankcode,립틴트 카테고리에,30.25
https://www.oliveyoung.co.kr/store/goods/getGoodsDetail.do?goodsNo=A000000146725&dispCatNo=1000001000200060003&trackingCd=Cat1000001000200060003_Small&curation&egcode&rccode&egrankcode,립틴트 카테고리에,30.25
https://www.oliveyoung.co.kr/store/goods/getGoodsDetail.do?goodsNo=A000000102888&dispCatNo=1000001000200060003&trackingCd=Cat1000001000200060003_Small&curation&egcode&rccode&egrankcode,립틴트 카테고리에,30.25
https://www.oliveyoung.co.kr/store/goods/getGoodsDetail.do?goodsNo=A000000149244&dispCatNo=1000001000200060003&trackingCd=Cat1000001000200060003_Small&curation&egcode&rccode&egrankcode,립틴트 카테고리에,30.25
https://www.oliveyoung.co.kr/store/goods/getGoodsDetail.do?goodsNo=A000000159377&dispCatNo=1000001000200060003&trackingCd=Cat1000001000200060003_Small&curation&egcode&rccode&egrankcode,립틴트 카테고리에,30.25
https://www.oliveyoung.co.kr/store/goods/getGoodsDetail.do?goodsNo=A000000127511&dispCatNo=1000001000200060003&trackingCd=Cat1000001000200060003_Small&curation&egcode&rccode&egrankcode,립틴트 카테고리에,30.25
https://www.oliveyoung.co.kr/store/goods/getGoodsDetail.do?goodsNo=A000000129062&dispCatNo=1000001000200060003&trackingCd=Cat1000001000200060003_Small&curation&egcode&rccode&egrankcode,립틴트 카테고리에,30.25
https://www.oliveyoung.co.kr/store/goods/getGoodsDetail.do?goodsNo=A000000144883&dispCatNo=1000001000200060003&trackingCd=Cat1000001000200060003_Small&curation&egcode&rccode&egrankcode,립틴트 카테고리에,30.25
https://www.oliveyoung.co.kr/store/goods/getGoodsDetail.do?goodsNo=A000000148646&dispCatNo=1000001000200060003&trackingCd=Cat1000001000200060003_Small&curation&egcode&rccode&egrankcode,립틴트 카테고리에,30.25
https://www.oliveyoung.co.kr/store/goods/getGoodsDetail.do?goodsNo=A000000159355&dispCatNo=1000001000200060003&trackingCd=Cat1000001000200060003_Small&curation&egcode&rccode&egrankcode,립틴트 카테고리에,30.25
https://www.oliveyoung.co.kr/store/goods/getGoodsDetail.do?goodsNo=A000000148560&dispCatNo=1000001000200060003&trackingCd=Cat1000001000200060003_Small&curation&egcode&rccode&egrankcode,립틴트 카테고리에,30.25
https://www.oliveyoung.co.kr/store/goods/getGoodsDetail.do?goodsNo=A000000156292&dispCatNo=1000001000200060003&trackingCd=Cat1000001000200060003_Small&curation&egcode&rccode&egrankcode,립틴트 카테고리에,30.25
https://www.oliveyoung.co.kr/store/goods/getGoodsDetail.do?goodsNo=A000000152764&dispCatNo=1000001000200060003&trackingCd=Cat1000001000200060003_Small&curation&egcode&rccode&egrankcode,립틴트 카테고리에,30.25
https://www.oliveyoung.co.kr/store/goods/getGoodsDetail.do?goodsNo=A000000131759&dispCatNo=1000001000200060003&trackingCd=Cat1000001000200060003_Small&curation&egcode&rccode&egrankcode,립틴트 카테고리에,30.25
https://www.oliveyoung.co.kr/store/goods/getGoodsDetail.do?goodsNo=A000000148662&dispCatNo=1000001000200060003&trackingCd=Cat1000001000200060003_Small&curation&egcode&rccode&egrankcode,립틴트 카테고리에,30.25
https://www.oliveyoung.co.kr/store/goods/getGoodsDetail.do?goodsNo=A000000017006&dispCatNo=1000001000200060003&trackingCd=Cat1000001000200060003_Small&curation&egcode&rccode&egrankcode,립틴트 카테고리에,30.25
https://www.oliveyoung.co.kr/store/goods/getGoodsDetail.do?goodsNo=A000000144876&dispCatNo=1000001000200060003&trackingCd=Cat1000001000200060003_Small&curation&egcode&rccode&egrankcode,립틴트 카테고리에,30.25
https://www.oliveyoung.co.kr/store/goods/getGoodsDetail.do?goodsNo=A000000130986&dispCatNo=1000001000200060003&trackingCd=Cat1000001000200060003_Small&curation&egcode&rccode&egrankcode,립틴트 카테고리에,30.25
https://www.oliveyoung.co.kr/store/goods/getGoodsDetail.do?goodsNo=A000000122382&dispCatNo=1000001000200060003&trackingCd=Cat1000001000200060003_Small&curation&egcode&rccode&egrankcode,립틴트 카테고리에,30.25
https://www.oliveyoung.co.kr/store/goods/getGoodsDetail.do?goodsNo=A000000156875&dispCatNo=1000001000200060003&trackingCd=Cat1000001000200060003_Small&curation&egcode&rccode&egrankcode,립틴트 카테고리에,30.25
https://www.oliveyoung.co.kr/store/goods/getGoodsDetail.do?goodsNo=A000000123925&dispCatNo=1000001000200060003&trackingCd=Cat1000001000200060003_Small&curation&egcode&rccode&egrankcode,립틴트 카테고리에,30.25
https://www.oliveyoung.co.kr/store/goods/getGoodsDetail.do?goodsNo=A000000140472&dispCatNo=1000001000200060003&trackingCd=Cat1000001000200060003_Small&curation&egcode&rccode&egrankcode,립틴트 카테고리에,30.25
https://www.oliveyoung.co.kr/store/goods/getGoodsDetail.do?goodsNo=A000000148649&dispCatNo=1000001000200060003&trackingCd=Cat1000001000200060003_Small&curation&egcode&rccode&egrankcode,립틴트 카테고리에,30.25
https://www.oliveyoung.co.kr/store/goods/getGoodsDetail.do?goodsNo=A000000140563&dispCatNo=1000001000200060003&trackingCd=Cat1000001000200060003_Small&curation&egcode&rccode&egrankcode,립틴트 카테고리에,30.25
https://www.oliveyoung.co.kr/store/goods/getGoodsDetail.do?goodsNo=A000000143026&dispCatNo=1000001000200060003&trackingCd=Cat1000001000200060003_Small&curation&egcode&rccode&egrankcode,립틴트 카테고리에,30.25
https://www.oliveyoung.co.kr/store/goods/getGoodsDetail.do?goodsNo=A000000130101&dispCatNo=1000001000200060003&trackingCd=Cat1000001000200060003_Small&curation&egcode&rccode&egrankcode,립틴트 카테고리에,30.25
https://www.oliveyoung.co.kr/store/goods/getGoodsDetail.do?goodsNo=A000000129219&dispCatNo=1000001000200060003&trackingCd=Cat1000001000200060003_Small&curation&egcode&rccode&egrankcode,립틴트 카테고리에,30.25
https://www.oliveyoung.co.kr/store/goods/getGoodsDetail.do?goodsNo=A000000121753&dispCatNo=1000001000200060003&trackingCd=Cat1000001000200060003_Small&curation&egcode&rccode&egrankcode,립틴트 카테고리에,30.25
https://www.oliveyoung.co.kr/store/goods/getGoodsDetail.do?goodsNo=A000000148542&dispCatNo=1000001000200060003&trackingCd=Cat1000001000200060003_Small&curation&egcode&rccode&egrankcode,립틴트 카테고리에,30.25
https://www.oliveyoung.co.kr/store/goods/getGoodsDetail.do?goodsNo=A000000127814&dispCatNo=1000001000200060003&trackingCd=Cat1000001000200060003_Small&curation&egcode&rccode&egrankcode,립틴트 카테고리에,30.25
https://www.oliveyoung.co.kr/store/goods/getGoodsDetail.do?goodsNo=A000000158896&dispCatNo=1000001000200060003&trackingCd=Cat1000001000200060003_Small&curation&egcode&rccode&egrankcode,립틴트 카테고리에,30.25
https://www.oliveyoung.co.kr/store/goods/getGoodsDetail.do?goodsNo=A000000158893&dispCatNo=1000001000200060003&trackingCd=Cat1000001000200060003_Small&curation&egcode&rccode&egrankcode,립틴트 카테고리에,30.25
https://www.oliveyoung.co.kr/store/goods/getGoodsDetail.do?goodsNo=A000000120880&dispCatNo=1000001000200060003&trackingCd=Cat1000001000200060003_Small&curation&egcode&rccode&egrankcode,립틴트 카테고리에,30.25
https://www.oliveyoung.co.kr/store/goods/getGoodsDetail.do?goodsNo=A000000125955&dispCatNo=1000001000200060003&trackingCd=Cat1000001000200060003_Small&curation&egcode&rccode&egrankcode,립틴트 카테고리에,30.25
https://www.oliveyoung.co.kr/store/goods/getGoodsDetail.do?goodsNo=A000000148663&dispCatNo=1000001000200060003&trackingCd=Cat1000001000200060003_Small&curation&egcode&rccode&egrankcode,립틴트 카테고리에,30.25
https://www.oliveyoung.co.kr/store/goods/getGoodsDetail.do?goodsNo=A000000145015&dispCatNo=1000001000200060003&trackingCd=Cat1000001000200060003_Small&curation&egcode&rccode&egrankcode,립틴트 카테고리에,30.25
https://www.oliveyoung.co.kr/store/goods/getGoodsDetail.do?goodsNo=A000000158147&dispCatNo=1000001000200060003&trackingCd=Cat1000001000200060003_Small&curation&egcode&rccode&egrankcode,립틴트 카테고리에,30.25
https://www.oliveyoung.co.kr/store/goods/getGoodsDetail.do?goodsNo=A000000128184&dispCatNo=1000001000200060003&trackingCd=Cat1000001000200060003_Small&curation&egcode&rccode&egrankcode,립틴트 카테고리에,30.25
https://www.oliveyoung.co.kr/store/goods/getGoodsDetail.do?goodsNo=A000000155960&dispCatNo=1000001000200060003&trackingCd=Cat1000001000200060003_Small&curation&egcode&rccode&egrankcode,립틴트 카테고리에,30.25
https://www.oliveyoung.co.kr/store/goods/getGoodsDetail.do?goodsNo=A000000136343&dispCatNo=1000001000200060003&trackingCd=Cat1000001000200060003_Small&curation&egcode&rccode&egrankcode,립틴트 카테고리에,30.25
https://www.oliveyoung.co.kr/store/goods/getGoodsDetail.do?goodsNo=A000000109619&dispCatNo=1000001000200060003&trackingCd=Cat1000001000200060003_Small&curation&egcode&rccode&egrankcode,립틴트 카테고리에,30.25
https://www.oliveyoung.co.kr/store/goods/getGoodsDetail.do?goodsNo=A000000121562&dispCatNo=1000001000200060003&trackingCd=Cat1000001000200060003_Small&curation&egcode&rccode&egrankcode,립틴트 카테고리에,30.25
https://www.oliveyoung.co.kr/store/goods/getGoodsDetail.do?goodsNo=A000000149487&dispCatNo=1000001000200060003&trackingCd=Cat1000001000200060003_Small&curation&egcode&rccode&egrankcode,립틴트 카테고리에,30.25
https://www.oliveyoung.co.kr/store/goods/getGoodsDetail.do?goodsNo=A000000148591&dispCatNo=1000001000200060003&trackingCd=Cat1000001000200060003_Small&curation&egcode&rccode&egrankcode,립틴트 카테고리에,30.25
https://www.oliveyoung.co.kr/store/goods/getGoodsDetail.do?goodsNo=A000000131154&dispCatNo=1000001000200060003&trackingCd=Cat1000001000200060003_Small&curation&egcode&rccode&egrankcode,립틴트 카테고리에,30.25
https://www.oliveyoung.co.kr/store/goods/getGoodsDetail.do?goodsNo=A000000152394&dispCatNo=1000001000200060003&trackingCd=Cat1000001000200060003_Small&curation&egcode&rccode&egrankcode,립틴트 카테고리에,30.25
https://www.oliveyoung.co.kr/store/goods/getGoodsDetail.do?goodsNo=A000000152162&dispCatNo=1000001000200060003&trackingCd=Cat1000001000200060003_Small&curation&egcode&rccode&egrankcode,립틴트 카테고리에,30.25
https://www.oliveyoung.co.kr/store/goods/getGoodsDetail.do?goodsNo=A000000139920&dispCatNo=1000001000200060003&trackingCd=Cat1000001000200060003_Small&curation&egcode&rccode&egrankcode,립틴트 카테고리에,30.25
https://www.oliveyoung.co.kr/store/goods/getGoodsDetail.do?goodsNo=A000000158148&dispCatNo=1000001000200060003&trackingCd=Cat1000001000200060003_Small&curation&egcode&rccode&egrankcode,립틴트 카테고리에,30.25
https://www.oliveyoung.co.kr/store/goods/getGoodsDetail.do?goodsNo=A000000146725&dispCatNo=1000001000200060003&trackingCd=Cat1000001000200060003_Small&curation&egcode&rccode&egrankcode,립틴트 카테고리에,30.25
https://www.oliveyoung.co.kr/store/goods/getGoodsDetail.do?goodsNo=A000000102888&dispCatNo=1000001000200060003&trackingCd=Cat1000001000200060003_Small&curation&egcode&rccode&egrankcode,립틴트 카테고리에,30.25
https://www.oliveyoung.co.kr/store/goods/getGoodsDetail.do?goodsNo=A000000149244&dispCatNo=1000001000200060003&trackingCd=Cat1000001000200060003_Small&curation&egcode&rccode&egrankcode,립틴트 카테고리에,30.25
https://www.oliveyoung.co.kr/store/goods/getGoodsDetail.do?goodsNo=A000000159377&dispCatNo=1000001000200060003&trackingCd=Cat1000001000200060003_Small&curation&egcode&rccode&egrankcode,립틴트 카테고리에,30.25
https://www.oliveyoung.co.kr/store/goods/getGoodsDetail.do?goodsNo=A000000127511&dispCatNo=1000001000200060003&trackingCd=Cat1000001000200060003_Small&curation&egcode&rccode&egrankcode,립틴트 카테고리에,30.25
https://www.oliveyoung.co.kr/store/goods/getGoodsDetail.do?goodsNo=A000000129062&dispCatNo=1000001000200060003&trackingCd=Cat1000001000200060003_Small&curation&egcode&rccode&egrankcode,립틴트 카테고리에,30.25
https://www.oliveyoung.co.kr/store/goods/getGoodsDetail.do?goodsNo=A000000144883&dispCatNo=1000001000200060003&trackingCd=Cat1000001000200060003_Small&curation&egcode&rccode&egrankcode,립틴트 카테고리에,30.25
https://www.oliveyoung.co.kr/store/goods/getGoodsDetail.do?goodsNo=A000000148646&dispCatNo=1000001000200060003&trackingCd=Cat1000001000200060003_Small&curation&egcode&rccode&egrankcode,립틴트 카테고리에,30.25
https://www.oliveyoung.co.kr/store/goods/getGoodsDetail.do?goodsNo=A000000159355&dispCatNo=1000001000200060003&trackingCd=Cat1000001000200060003_Small&curation&egcode&rccode&egrankcode,립틴트 카테고리에,30.25
https://www.oliveyoung.co.kr/store/goods/getGoodsDetail.do?goodsNo=A000000158896&dispCatNo=1000001000200060003&trackingCd=Cat1000001000200060003_Small&curation&egcode&rccode&egrankcode,립틴트 카테고리에,121
https://www.oliveyoung.co.kr/store/goods/getGoodsDetail.do?goodsNo=A000000158893&dispCatNo=1000001000200060003&trackingCd=Cat1000001000200060003_Small&curation&egcode&rccode&egrankcode,립틴트 카테고리에,121
https://www.oliveyoung.co.kr/store/goods/getGoodsDetail.do?goodsNo=A000000120880&dispCatNo=1000001000200060003&trackingCd=Cat1000001000200060003_Small&curation&egcode&rccode&egrankcode,립틴트 카테고리에,121
https://www.oliveyoung.co.kr/store/goods/getGoodsDetail.do?goodsNo=A000000125955&dispCatNo=1000001000200060003&trackingCd=Cat1000001000200060003_Small&curation&egcode&rccode&egrankcode,립틴트 카테고리에,121
https://www.oliveyoung.co.kr/store/goods/getGoodsDetail.do?goodsNo=A000000148663&dispCatNo=1000001000200060003&trackingCd=Cat1000001000200060003_Small&curation&egcode&rccode&egrankcode,립틴트 카테고리에,121
https://www.oliveyoung.co.kr/store/goods/getGoodsDetail.do?goodsNo=A000000145015&dispCatNo=1000001000200060003&trackingCd=Cat1000001000200060003_Small&curation&egcode&rccode&egrankcode,립틴트 카테고리에,121
https://www.oliveyoung.co.kr/store/goods/getGoodsDetail.do?goodsNo=A000000158147&dispCatNo=1000001000200060003&trackingCd=Cat1000001000200060003_Small&curation&egcode&rccode&egrankcode,립틴트 카테고리에,121
https://www.oliveyoung.co.kr/store/goods/getGoodsDetail.do?goodsNo=A000000128184&dispCatNo=1000001000200060003&trackingCd=Cat1000001000200060003_Small&curation&egcode&rccode&egrankcode,립틴트 카테고리에,121
https://www.oliveyoung.co.kr/store/goods/getGoodsDetail.do?goodsNo=A000000155960&dispCatNo=1000001000200060003&trackingCd=Cat1000001000200060003_Small&curation&egcode&rccode&egrankcode,립틴트 카테고리에,121
https://www.oliveyoung.co.kr/store/goods/getGoodsDetail.do?goodsNo=A000000136343&dispCatNo=1000001000200060003&trackingCd=Cat1000001000200060003_Small&curation&egcode&rccode&egrankcode,립틴트 카테고리에,121
https://www.oliveyoung.co.kr/store/goods/getGoodsDetail.do?goodsNo=A000000109619&dispCatNo=1000001000200060003&trackingCd=Cat1000001000200060003_Small&curation&egcode&rccode&egrankcode,립틴트 카테고리에,121
https://www.oliveyoung.co.kr/store/goods/getGoodsDetail.do?goodsNo=A000000121562&dispCatNo=1000001000200060003&trackingCd=Cat1000001000200060003_Small&curation&egcode&rccode&egrankcode,립틴트 카테고리에,121
https://www.oliveyoung.co.kr/store/goods/getGoodsDetail.do?goodsNo=A000000149487&dispCatNo=1000001000200060003&trackingCd=Cat1000001000200060003_Small&curation&egcode&rccode&egrankcode,립틴트 카테고리에,121
https://www.oliveyoung.co.kr/store/goods/getGoodsDetail.do?goodsNo=A000000148591&dispCatNo=1000001000200060003&trackingCd=Cat1000001000200060003_Small&curation&egcode&rccode&egrankcode,립틴트 카테고리에,121
https://www.oliveyoung.co.kr/store/goods/getGoodsDetail.do?goodsNo=A000000131154&dispCatNo=1000001000200060003&trackingCd=Cat1000001000200060003_Small&curation&egcode&rccode&egrankcode,립틴트 카테고리에,121
https://www.oliveyoung.co.kr/store/goods/getGoodsDetail.do?goodsNo=A000000152394&dispCatNo=1000001000200060003&trackingCd=Cat1000001000200060003_Small&curation&egcode&rccode&egrankcode,립틴트 카테고리에,121
https://www.oliveyoung.co.kr/store/goods/getGoodsDetail.do?goodsNo=A000000152162&dispCatNo=1000001000200060003&trackingCd=Cat1000001000200060003_Small&curation&egcode&rccode&egrankcode,립틴트 카테고리에,121
https://www.oliveyoung.co.kr/store/goods/getGoodsDetail.do?goodsNo=A000000139920&dispCatNo=1000001000200060003&trackingCd=Cat1000001000200060003_Small&curation&egcode&rccode&egrankcode,립틴트 카테고리에,121
https://www.oliveyoung.co.kr/store/goods/getGoodsDetail.do?goodsNo=A000000158148&dispCatNo=1000001000200060003&trackingCd=Cat1000001000200060003_Small&curation&egcode&rccode&egrankcode,립틴트 카테고리에,121
https://www.oliveyoung.co.kr/store/goods/getGoodsDetail.do?goodsNo=A000000146725&dispCatNo=1000001000200060003&trackingCd=Cat1000001000200060003_Small&curation&egcode&rccode&egrankcode,립틴트 카테고리에,121
https://www.oliveyoung.co.kr/store/goods/getGoodsDetail.do?goodsNo=A000000102888&dispCatNo=1000001000200060003&trackingCd=Cat1000001000200060003_Small&curation&egcode&rccode&egrankcode,립틴트 카테고리에,121
https://www.oliveyoung.co.kr/store/goods/getGoodsDetail.do?goodsNo=A000000149244&dispCatNo=1000001000200060003&trackingCd=Cat1000001000200060003_Small&curation&egcode&rccode&egrankcode,립틴트 카테고리에,121
https://www.oliveyoung.co.kr/store/goods/getGoodsDetail.do?goodsNo=A000000159377&dispCatNo=1000001000200060003&trackingCd=Cat1000001000200060003_Small&curation&egcode&rccode&egrankcode,립틴트 카테고리에,121
https://www.oliveyoung.co.kr/store/goods/getGoodsDetail.do?goodsNo=A000000127511&dispCatNo=1000001000200060003&trackingCd=Cat1000001000200060003_Small&curation&egcode&rccode&egrankcode,립틴트 카테고리에,121
https://www.oliveyoung.co.kr/store/goods/getGoodsDetail.do?goodsNo=A000000129062&dispCatNo=1000001000200060003&trackingCd=Cat1000001000200060003_Small&curation&egcode&rccode&egrankcode,립틴트 카테고리에,121
https://www.oliveyoung.co.kr/store/goods/getGoodsDetail.do?goodsNo=A000000144883&dispCatNo=1000001000200060003&trackingCd=Cat1000001000200060003_Small&curation&egcode&rccode&egrankcode,립틴트 카테고리에,121
https://www.oliveyoung.co.kr/store/goods/getGoodsDetail.do?goodsNo=A000000148646&dispCatNo=1000001000200060003&trackingCd=Cat1000001000200060003_Small&curation&egcode&rccode&egrankcode,립틴트 카테고리에,121
https://www.oliveyoung.co.kr/store/goods/getGoodsDetail.do?goodsNo=A000000159355&dispCatNo=1000001000200060003&trackingCd=Cat1000001000200060003_Small&curation&egcode&rccode&egrankcode,립틴트 카테고리에,121
https://www.oliveyoung.co.kr/store/goods/getGoodsDetail.do?goodsNo=A000000148560&dispCatNo=1000001000200060003&trackingCd=Cat1000001000200060003_Small&curation&egcode&rccode&egrankcode,립틴트 카테고리에,121
https://www.oliveyoung.co.kr/store/goods/getGoodsDetail.do?goodsNo=A000000156292&dispCatNo=1000001000200060003&trackingCd=Cat1000001000200060003_Small&curation&egcode&rccode&egrankcode,립틴트 카테고리에,121
https://www.oliveyoung.co.kr/store/goods/getGoodsDetail.do?goodsNo=A000000152764&dispCatNo=1000001000200060003&trackingCd=Cat1000001000200060003_Small&curation&egcode&rccode&egrankcode,립틴트 카테고리에,121
https://www.oliveyoung.co.kr/store/goods/getGoodsDetail.do?goodsNo=A000000131759&dispCatNo=1000001000200060003&trackingCd=Cat1000001000200060003_Small&curation&egcode&rccode&egrankcode,립틴트 카테고리에,121
https://www.oliveyoung.co.kr/store/goods/getGoodsDetail.do?goodsNo=A000000148662&dispCatNo=1000001000200060003&trackingCd=Cat1000001000200060003_Small&curation&egcode&rccode&egrankcode,립틴트 카테고리에,121
https://www.oliveyoung.co.kr/store/goods/getGoodsDetail.do?goodsNo=A000000017006&dispCatNo=1000001000200060003&trackingCd=Cat1000001000200060003_Small&curation&egcode&rccode&egrankcode,립틴트 카테고리에,121
https://www.oliveyoung.co.kr/store/goods/getGoodsDetail.do?goodsNo=A000000144876&dispCatNo=1000001000200060003&trackingCd=Cat1000001000200060003_Small&curation&egcode&rccode&egrankcode,립틴트 카테고리에,121
https://www.oliveyoung.co.kr/store/goods/getGoodsDetail.do?goodsNo=A000000130986&dispCatNo=1000001000200060003&trackingCd=Cat1000001000200060003_Small&curation&egcode&rccode&egrankcode,립틴트 카테고리에,121
https://www.oliveyoung.co.kr/store/goods/getGoodsDetail.do?goodsNo=A000000122382&dispCatNo=1000001000200060003&trackingCd=Cat1000001000200060003_Small&curation&egcode&rccode&egrankcode,립틴트 카테고리에,121
https://www.oliveyoung.co.kr/store/goods/getGoodsDetail.do?goodsNo=A000000156875&dispCatNo=1000001000200060003&trackingCd=Cat1000001000200060003_Small&curation&egcode&rccode&egrankcode,립틴트 카테고리에,121
https://www.oliveyoung.co.kr/store/goods/getGoodsDetail.do?goodsNo=A000000123925&dispCatNo=1000001000200060003&trackingCd=Cat1000001000200060003_Small&curation&egcode&rccode&egrankcode,립틴트 카테고리에,121
https://www.oliveyoung.co.kr/store/goods/getGoodsDetail.do?goodsNo=A000000140472&dispCatNo=1000001000200060003&trackingCd=Cat1000001000200060003_Small&curation&egcode&rccode&egrankcode,립틴트 카테고리에,121
https://www.oliveyoung.co.kr/store/goods/getGoodsDetail.do?goodsNo=A000000148649&dispCatNo=1000001000200060003&trackingCd=Cat1000001000200060003_Small&curation&egcode&rccode&egrankcode,립틴트 카테고리에,121
https://www.oliveyoung.co.kr/store/goods/getGoodsDetail.do?goodsNo=A000000140563&dispCatNo=1000001000200060003&trackingCd=Cat1000001000200060003_Small&curation&egcode&rccode&egrankcode,립틴트 카테고리에,121
https://www.oliveyoung.co.kr/store/goods/getGoodsDetail.do?goodsNo=A000000143026&dispCatNo=1000001000200060003&trackingCd=Cat1000001000200060003_Small&curation&egcode&rccode&egrankcode,립틴트 카테고리에,121
https://www.oliveyoung.co.kr/store/goods/getGoodsDetail.do?goodsNo=A000000130101&dispCatNo=1000001000200060003&trackingCd=Cat1000001000200060003_Small&curation&egcode&rccode&egrankcode,립틴트 카테고리에,121
https://www.oliveyoung.co.kr/store/goods/getGoodsDetail.do?goodsNo=A000000129219&dispCatNo=1000001000200060003&trackingCd=Cat1000001000200060003_Small&curation&egcode&rccode&egrankcode,립틴트 카테고리에,121
https://www.oliveyoung.co.kr/store/goods/getGoodsDetail.do?goodsNo=A000000121753&dispCatNo=1000001000200060003&trackingCd=Cat1000001000200060003_Small&curation&egcode&rccode&egrankcode,립틴트 카테고리에,121
https://www.oliveyoung.co.kr/store/goods/getGoodsDetail.do?goodsNo=A000000148542&dispCatNo=1000001000200060003&trackingCd=Cat1000001000200060003_Small&curation&egcode&rccode&egrankcode,립틴트 카테고리에,121
https://www.oliveyoung.co.kr/store/goods/getGoodsDetail.do?goodsNo=A000000127814&dispCatNo=1000001000200060003&trackingCd=Cat1000001000200060003_Small&curation&egcode&rccode&egrankcode,립틴트 카테고리에,121
121
121
121
121
121
121
121
121
121
121
121
121
121
121
121
121
121
121
121
121
121
121
121
121
121
121
121
121
121
121
121
121
121
121
121
121
121
121
121
121
121
121
121
121
121
121
121
121
121
121
121
121
121
121
121
121
121
121
121
121
121
121
121
121
121
121
121
121
121
121
121
121
121
121
121
121
121
121
121
121
121
121
121
121
121
121
121
121
121
121
121
121
121
121
121
121
https://www.oliveyoung.co.kr/store/goods/getGoodsDetail.do?goodsNo=A000000158896&dispCatNo=1000001000200060003&trackingCd=Cat1000001000200060003_Small&curation&egcode&rccode&egrankcode,립틴트 카테고리에,121
https://www.oliveyoung.co.kr/store/goods/getGoodsDetail.do?goodsNo=A000000158893&dispCatNo=1000001000200060003&trackingCd=Cat1000001000200060003_Small&curation&egcode&rccode&egrankcode,립틴트 카테고리에,121
https://www.oliveyoung.co.kr/store/goods/getGoodsDetail.do?goodsNo=A000000120880&dispCatNo=1000001000200060003&trackingCd=Cat1000001000200060003_Small&curation&egcode&rccode&egrankcode,립틴트 카테고리에,121
https://www.oliveyoung.co.kr/store/goods/getGoodsDetail.do?goodsNo=A000000125955&dispCatNo=1000001000200060003&trackingCd=Cat1000001000200060003_Small&curation&egcode&rccode&egrankcode,립틴트 카테고리에,121
https://www.oliveyoung.co.kr/store/goods/getGoodsDetail.do?goodsNo=A000000148663&dispCatNo=1000001000200060003&trackingCd=Cat1000001000200060003_Small&curation&egcode&rccode&egrankcode,립틴트 카테고리에,121
https://www.oliveyoung.co.kr/store/goods/getGoodsDetail.do?goodsNo=A000000145015&dispCatNo=1000001000200060003&trackingCd=Cat1000001000200060003_Small&curation&egcode&rccode&egrankcode,립틴트 카테고리에,121
https://www.oliveyoung.co.kr/store/goods/getGoodsDetail.do?goodsNo=A000000158147&dispCatNo=1000001000200060003&trackingCd=Cat1000001000200060003_Small&curation&egcode&rccode&egrankcode,립틴트 카테고리에,121
https://www.oliveyoung.co.kr/store/goods/getGoodsDetail.do?goodsNo=A000000128184&dispCatNo=1000001000200060003&trackingCd=Cat1000001000200060003_Small&curation&egcode&rccode&egrankcode,립틴트 카테고리에,121
https://www.oliveyoung.co.kr/store/goods/getGoodsDetail.do?goodsNo=A000000155960&dispCatNo=1000001000200060003&trackingCd=Cat1000001000200060003_Small&curation&egcode&rccode&egrankcode,립틴트 카테고리에,121
https://www.oliveyoung.co.kr/store/goods/getGoodsDetail.do?goodsNo=A000000136343&dispCatNo=1000001000200060003&trackingCd=Cat1000001000200060003_Small&curation&egcode&rccode&egrankcode,립틴트 카테고리에,121
https://www.oliveyoung.co.kr/store/goods/getGoodsDetail.do?goodsNo=A000000109619&dispCatNo=1000001000200060003&trackingCd=Cat1000001000200060003_Small&curation&egcode&rccode&egrankcode,립틴트 카테고리에,121
https://www.oliveyoung.co.kr/store/goods/getGoodsDetail.do?goodsNo=A000000121562&dispCatNo=1000001000200060003&trackingCd=Cat1000001000200060003_Small&curation&egcode&rccode&egrankcode,립틴트 카테고리에,121
https://www.oliveyoung.co.kr/store/goods/getGoodsDetail.do?goodsNo=A000000149487&dispCatNo=1000001000200060003&trackingCd=Cat1000001000200060003_Small&curation&egcode&rccode&egrankcode,립틴트 카테고리에,121
https://www.oliveyoung.co.kr/store/goods/getGoodsDetail.do?goodsNo=A000000148591&dispCatNo=1000001000200060003&trackingCd=Cat1000001000200060003_Small&curation&egcode&rccode&egrankcode,립틴트 카테고리에,121
https://www.oliveyoung.co.kr/store/goods/getGoodsDetail.do?goodsNo=A000000131154&dispCatNo=1000001000200060003&trackingCd=Cat1000001000200060003_Small&curation&egcode&rccode&egrankcode,립틴트 카테고리에,121
https://www.oliveyoung.co.kr/store/goods/getGoodsDetail.do?goodsNo=A000000152394&dispCatNo=1000001000200060003&trackingCd=Cat1000001000200060003_Small&curation&egcode&rccode&egrankcode,립틴트 카테고리에,121
https://www.oliveyoung.co.kr/store/goods/getGoodsDetail.do?goodsNo=A000000152162&dispCatNo=1000001000200060003&trackingCd=Cat1000001000200060003_Small&curation&egcode&rccode&egrankcode,립틴트 카테고리에,121
https://www.oliveyoung.co.kr/store/goods/getGoodsDetail.do?goodsNo=A000000139920&dispCatNo=1000001000200060003&trackingCd=Cat1000001000200060003_Small&curation&egcode&rccode&egrankcode,립틴트 카테고리에,121
https://www.oliveyoung.co.kr/store/goods/getGoodsDetail.do?goodsNo=A000000158148&dispCatNo=1000001000200060003&trackingCd=Cat1000001000200060003_Small&curation&egcode&rccode&egrankcode,립틴트 카테고리에,121
https://www.oliveyoung.co.kr/store/goods/getGoodsDetail.do?goodsNo=A000000146725&dispCatNo=1000001000200060003&trackingCd=Cat1000001000200060003_Small&curation&egcode&rccode&egrankcode,립틴트 카테고리에,121
https://www.oliveyoung.co.kr/store/goods/getGoodsDetail.do?goodsNo=A000000102888&dispCatNo=1000001000200060003&trackingCd=Cat1000001000200060003_Small&curation&egcode&rccode&egrankcode,립틴트 카테고리에,121
https://www.oliveyoung.co.kr/store/goods/getGoodsDetail.do?goodsNo=A000000149244&dispCatNo=1000001000200060003&trackingCd=Cat1000001000200060003_Small&curation&egcode&rccode&egrankcode,립틴트 카테고리에,121
https://www.oliveyoung.co.kr/store/goods/getGoodsDetail.do?goodsNo=A000000159377&dispCatNo=1000001000200060003&trackingCd=Cat1000001000200060003_Small&curation&egcode&rccode&egrankcode,립틴트 카테고리에,121
https://www.oliveyoung.co.kr/store/goods/getGoodsDetail.do?goodsNo=A000000127511&dispCatNo=1000001000200060003&trackingCd=Cat1000001000200060003_Small&curation&egcode&rccode&egrankcode,립틴트 카테고리에,121
https://www.oliveyoung.co.kr/store/goods/getGoodsDetail.do?goodsNo=A000000129062&dispCatNo=1000001000200060003&trackingCd=Cat1000001000200060003_Small&curation&egcode&rccode&egrankcode,립틴트 카테고리에,121
https://www.oliveyoung.co.kr/store/goods/getGoodsDetail.do?goodsNo=A000000144883&dispCatNo=1000001000200060003&trackingCd=Cat1000001000200060003_Small&curation&egcode&rccode&egrankcode,립틴트 카테고리에,121
https://www.oliveyoung.co.kr/store/goods/getGoodsDetail.do?goodsNo=A000000148646&dispCatNo=1000001000200060003&trackingCd=Cat1000001000200060003_Small&curation&egcode&rccode&egrankcode,립틴트 카테고리에,121
https://www.oliveyoung.co.kr/store/goods/getGoodsDetail.do?goodsNo=A000000159355&dispCatNo=1000001000200060003&trackingCd=Cat1000001000200060003_Small&curation&egcode&rccode&egrankcode,립틴트 카테고리에,121
https://www.oliveyoung.co.kr/store/goods/getGoodsDetail.do?goodsNo=A000000148560&dispCatNo=1000001000200060003&trackingCd=Cat1000001000200060003_Small&curation&egcode&rccode&egrankcode,립틴트 카테고리에,121
https://www.oliveyoung.co.kr/store/goods/getGoodsDetail.do?goodsNo=A000000156292&dispCatNo=1000001000200060003&trackingCd=Cat1000001000200060003_Small&curation&egcode&rccode&egrankcode,립틴트 카테고리에,121
https://www.oliveyoung.co.kr/store/goods/getGoodsDetail.do?goodsNo=A000000152764&dispCatNo=1000001000200060003&trackingCd=Cat1000001000200060003_Small&curation&egcode&rccode&egrankcode,립틴트 카테고리에,121
https://www.oliveyoung.co.kr/store/goods/getGoodsDetail.do?goodsNo=A000000131759&dispCatNo=1000001000200060003&trackingCd=Cat1000001000200060003_Small&curation&egcode&rccode&egrankcode,립틴트 카테고리에,121
https://www.oliveyoung.co.kr/store/goods/getGoodsDetail.do?goodsNo=A000000148662&dispCatNo=1000001000200060003&trackingCd=Cat1000001000200060003_Small&curation&egcode&rccode&egrankcode,립틴트 카테고리에,121
https://www.oliveyoung.co.kr/store/goods/getGoodsDetail.do?goodsNo=A000000017006&dispCatNo=1000001000200060003&trackingCd=Cat1000001000200060003_Small&curation&egcode&rccode&egrankcode,립틴트 카테고리에,121
https://www.oliveyoung.co.kr/store/goods/getGoodsDetail.do?goodsNo=A000000144876&dispCatNo=1000001000200060003&trackingCd=Cat1000001000200060003_Small&curation&egcode&rccode&egrankcode,립틴트 카테고리에,121
https://www.oliveyoung.co.kr/store/goods/getGoodsDetail.do?goodsNo=A000000130986&dispCatNo=1000001000200060003&trackingCd=Cat1000001000200060003_Small&curation&egcode&rccode&egrankcode,립틴트 카테고리에,121
https://www.oliveyoung.co.kr/store/goods/getGoodsDetail.do?goodsNo=A000000122382&dispCatNo=1000001000200060003&trackingCd=Cat1000001000200060003_Small&curation&egcode&rccode&egrankcode,립틴트 카테고리에,121
https://www.oliveyoung.co.kr/store/goods/getGoodsDetail.do?goodsNo=A000000156875&dispCatNo=1000001000200060003&trackingCd=Cat1000001000200060003_Small&curation&egcode&rccode&egrankcode,립틴트 카테고리에,121
https://www.oliveyoung.co.kr/store/goods/getGoodsDetail.do?goodsNo=A000000123925&dispCatNo=1000001000200060003&trackingCd=Cat1000001000200060003_Small&curation&egcode&rccode&egrankcode,립틴트 카테고리에,121
https://www.oliveyoung.co.kr/store/goods/getGoodsDetail.do?goodsNo=A000000140472&dispCatNo=1000001000200060003&trackingCd=Cat1000001000200060003_Small&curation&egcode&rccode&egrankcode,립틴트 카테고리에,121
https://www.oliveyoung.co.kr/store/goods/getGoodsDetail.do?goodsNo=A000000148649&dispCatNo=1000001000200060003&trackingCd=Cat1000001000200060003_Small&curation&egcode&rccode&egrankcode,립틴트 카테고리에,121
https://www.oliveyoung.co.kr/store/goods/getGoodsDetail.do?goodsNo=A000000140563&dispCatNo=1000001000200060003&trackingCd=Cat1000001000200060003_Small&curation&egcode&rccode&egrankcode,립틴트 카테고리에,121
https://www.oliveyoung.co.kr/store/goods/getGoodsDetail.do?goodsNo=A000000143026&dispCatNo=1000001000200060003&trackingCd=Cat1000001000200060003_Small&curation&egcode&rccode&egrankcode,립틴트 카테고리에,121
https://www.oliveyoung.co.kr/store/goods/getGoodsDetail.do?goodsNo=A000000130101&dispCatNo=1000001000200060003&trackingCd=Cat1000001000200060003_Small&curation&egcode&rccode&egrankcode,립틴트 카테고리에,121
https://www.oliveyoung.co.kr/store/goods/getGoodsDetail.do?goodsNo=A000000129219&dispCatNo=1000001000200060003&trackingCd=Cat1000001000200060003_Small&curation&egcode&rccode&egrankcode,립틴트 카테고리에,121
https://www.oliveyoung.co.kr/store/goods/getGoodsDetail.do?goodsNo=A000000121753&dispCatNo=1000001000200060003&trackingCd=Cat1000001000200060003_Small&curation&egcode&rccode&egrankcode,립틴트 카테고리에,121
https://www.oliveyoung.co.kr/store/goods/getGoodsDetail.do?goodsNo=A000000148542&dispCatNo=1000001000200060003&trackingCd=Cat1000001000200060003_Small&curation&egcode&rccode&egrankcode,립틴트 카테고리에,121
https://www.oliveyoung.co.kr/store/goods/getGoodsDetail.do?goodsNo=A000000127814&dispCatNo=1000001000200060003&trackingCd=Cat1000001000200060003_Small&curation&egcode&rccode&egrankcode,립틴트 카테고리에,121
https://www.oliveyoung.co.kr/store/goods/getGoodsDetail.do?goodsNo=A000000158896&dispCatNo=1000001000200060003&trackingCd=Cat1000001000200060003_Small&curation&egcode&rccode&egrankcode,립틴트 카테고리에,121
https://www.oliveyoung.co.kr/store/goods/getGoodsDetail.do?goodsNo=A000000158893&dispCatNo=1000001000200060003&trackingCd=Cat1000001000200060003_Small&curation&egcode&rccode&egrankcode,립틴트 카테고리에,121
https://www.oliveyoung.co.kr/store/goods/getGoodsDetail.do?goodsNo=A000000120880&dispCatNo=1000001000200060003&trackingCd=Cat1000001000200060003_Small&curation&egcode&rccode&egrankcode,립틴트 카테고리에,121
https://www.oliveyoung.co.kr/store/goods/getGoodsDetail.do?goodsNo=A000000125955&dispCatNo=1000001000200060003&trackingCd=Cat1000001000200060003_Small&curation&egcode&rccode&egrankcode,립틴트 카테고리에,121
https://www.oliveyoung.co.kr/store/goods/getGoodsDetail.do?goodsNo=A000000148663&dispCatNo=1000001000200060003&trackingCd=Cat1000001000200060003_Small&curation&egcode&rccode&egrankcode,립틴트 카테고리에,121
https://www.oliveyoung.co.kr/store/goods/getGoodsDetail.do?goodsNo=A000000145015&dispCatNo=1000001000200060003&trackingCd=Cat1000001000200060003_Small&curation&egcode&rccode&egrankcode,립틴트 카테고리에,121
https://www.oliveyoung.co.kr/store/goods/getGoodsDetail.do?goodsNo=A000000158147&dispCatNo=1000001000200060003&trackingCd=Cat1000001000200060003_Small&curation&egcode&rccode&egrankcode,립틴트 카테고리에,121
https://www.oliveyoung.co.kr/store/goods/getGoodsDetail.do?goodsNo=A000000128184&dispCatNo=1000001000200060003&trackingCd=Cat1000001000200060003_Small&curation&egcode&rccode&egrankcode,립틴트 카테고리에,121
https://www.oliveyoung.co.kr/store/goods/getGoodsDetail.do?goodsNo=A000000155960&dispCatNo=1000001000200060003&trackingCd=Cat1000001000200060003_Small&curation&egcode&rccode&egrankcode,립틴트 카테고리에,121
https://www.oliveyoung.co.kr/store/goods/getGoodsDetail.do?goodsNo=A000000136343&dispCatNo=1000001000200060003&trackingCd=Cat1000001000200060003_Small&curation&egcode&rccode&egrankcode,립틴트 카테고리에,121
https://www.oliveyoung.co.kr/store/goods/getGoodsDetail.do?goodsNo=A000000109619&dispCatNo=1000001000200060003&trackingCd=Cat1000001000200060003_Small&curation&egcode&rccode&egrankcode,립틴트 카테고리에,121
https://www.oliveyoung.co.kr/store/goods/getGoodsDetail.do?goodsNo=A000000121562&dispCatNo=1000001000200060003&trackingCd=Cat1000001000200060003_Small&curation&egcode&rccode&egrankcode,립틴트 카테고리에,121
https://www.oliveyoung.co.kr/store/goods/getGoodsDetail.do?goodsNo=A000000149487&dispCatNo=1000001000200060003&trackingCd=Cat1000001000200060003_Small&curation&egcode&rccode&egrankcode,립틴트 카테고리에,121
https://www.oliveyoung.co.kr/store/goods/getGoodsDetail.do?goodsNo=A000000148591&dispCatNo=1000001000200060003&trackingCd=Cat1000001000200060003_Small&curation&egcode&rccode&egrankcode,립틴트 카테고리에,121
https://www.oliveyoung.co.kr/store/goods/getGoodsDetail.do?goodsNo=A000000131154&dispCatNo=1000001000200060003&trackingCd=Cat1000001000200060003_Small&curation&egcode&rccode&egrankcode,립틴트 카테고리에,121
https://www.oliveyoung.co.kr/store/goods/getGoodsDetail.do?goodsNo=A000000152394&dispCatNo=1000001000200060003&trackingCd=Cat1000001000200060003_Small&curation&egcode&rccode&egrankcode,립틴트 카테고리에,121
https://www.oliveyoung.co.kr/store/goods/getGoodsDetail.do?goodsNo=A000000152162&dispCatNo=1000001000200060003&trackingCd=Cat1000001000200060003_Small&curation&egcode&rccode&egrankcode,립틴트 카테고리에,121
https://www.oliveyoung.co.kr/store/goods/getGoodsDetail.do?goodsNo=A000000139920&dispCatNo=1000001000200060003&trackingCd=Cat1000001000200060003_Small&curation&egcode&rccode&egrankcode,립틴트 카테고리에,121
https://www.oliveyoung.co.kr/store/goods/getGoodsDetail.do?goodsNo=A000000158148&dispCatNo=1000001000200060003&trackingCd=Cat1000001000200060003_Small&curation&egcode&rccode&egrankcode,립틴트 카테고리에,121
https://www.oliveyoung.co.kr/store/goods/getGoodsDetail.do?goodsNo=A000000146725&dispCatNo=1000001000200060003&trackingCd=Cat1000001000200060003_Small&curation&egcode&rccode&egrankcode,립틴트 카테고리에,121
https://www.oliveyoung.co.kr/store/goods/getGoodsDetail.do?goodsNo=A000000102888&dispCatNo=1000001000200060003&trackingCd=Cat1000001000200060003_Small&curation&egcode&rccode&egrankcode,립틴트 카테고리에,121
https://www.oliveyoung.co.kr/store/goods/getGoodsDetail.do?goodsNo=A000000149244&dispCatNo=1000001000200060003&trackingCd=Cat1000001000200060003_Small&curation&egcode&rccode&egrankcode,립틴트 카테고리에,121
https://www.oliveyoung.co.kr/store/goods/getGoodsDetail.do?goodsNo=A000000159377&dispCatNo=1000001000200060003&trackingCd=Cat1000001000200060003_Small&curation&egcode&rccode&egrankcode,립틴트 카테고리에,121
https://www.oliveyoung.co.kr/store/goods/getGoodsDetail.do?goodsNo=A000000127511&dispCatNo=1000001000200060003&trackingCd=Cat1000001000200060003_Small&curation&egcode&rccode&egrankcode,립틴트 카테고리에,121
https://www.oliveyoung.co.kr/store/goods/getGoodsDetail.do?goodsNo=A000000129062&dispCatNo=1000001000200060003&trackingCd=Cat1000001000200060003_Small&curation&egcode&rccode&egrankcode,립틴트 카테고리에,121
https://www.oliveyoung.co.kr/store/goods/getGoodsDetail.do?goodsNo=A000000144883&dispCatNo=1000001000200060003&trackingCd=Cat1000001000200060003_Small&curation&egcode&rccode&egrankcode,립틴트 카테고리에,121
https://www.oliveyoung.co.kr/store/goods/getGoodsDetail.do?goodsNo=A000000148646&dispCatNo=1000001000200060003&trackingCd=Cat1000001000200060003_Small&curation&egcode&rccode&egrankcode,립틴트 카테고리에,121
https://www.oliveyoung.co.kr/store/goods/getGoodsDetail.do?goodsNo=A000000159355&dispCatNo=1000001000200060003&trackingCd=Cat1000001000200060003_Small&curation&egcode&rccode&egrankcode,립틴트 카테고리에,121
https://www.oliveyoung.co.kr/store/goods/getGoodsDetail.do?goodsNo=A000000148560&dispCatNo=1000001000200060003&trackingCd=Cat1000001000200060003_Small&curation&egcode&rccode&egrankcode,립틴트 카테고리에,121
https://www.oliveyoung.co.kr/store/goods/getGoodsDetail.do?goodsNo=A000000156292&dispCatNo=1000001000200060003&trackingCd=Cat1000001000200060003_Small&curation&egcode&rccode&egrankcode,립틴트 카테고리에,121
https://www.oliveyoung.co.kr/store/goods/getGoodsDetail.do?goodsNo=A000000152764&dispCatNo=1000001000200060003&trackingCd=Cat1000001000200060003_Small&curation&egcode&rccode&egrankcode,립틴트 카테고리에,121
https://www.oliveyoung.co.kr/store/goods/getGoodsDetail.do?goodsNo=A000000131759&dispCatNo=1000001000200060003&trackingCd=Cat1000001000200060003_Small&curation&egcode&rccode&egrankcode,립틴트 카테고리에,121
https://www.oliveyoung.co.kr/store/goods/getGoodsDetail.do?goodsNo=A000000148662&dispCatNo=1000001000200060003&trackingCd=Cat1000001000200060003_Small&curation&egcode&rccode&egrankcode,립틴트 카테고리에,121
https://www.oliveyoung.co.kr/store/goods/getGoodsDetail.do?goodsNo=A000000017006&dispCatNo=1000001000200060003&trackingCd=Cat1000001000200060003_Small&curation&egcode&rccode&egrankcode,립틴트 카테고리에,121
https://www.oliveyoung.co.kr/store/goods/getGoodsDetail.do?goodsNo=A000000144876&dispCatNo=1000001000200060003&trackingCd=Cat1000001000200060003_Small&curation&egcode&rccode&egrankcode,립틴트 카테고리에,121
https://www.oliveyoung.co.kr/store/goods/getGoodsDetail.do?goodsNo=A000000130986&dispCatNo=1000001000200060003&trackingCd=Cat1000001000200060003_Small&curation&egcode&rccode&egrankcode,립틴트 카테고리에,121
https://www.oliveyoung.co.kr/store/goods/getGoodsDetail.do?goodsNo=A000000122382&dispCatNo=1000001000200060003&trackingCd=Cat1000001000200060003_Small&curation&egcode&rccode&egrankcode,립틴트 카테고리에,121
https://www.oliveyoung.co.kr/store/goods/getGoodsDetail.do?goodsNo=A000000156875&dispCatNo=1000001000200060003&trackingCd=Cat1000001000200060003_Small&curation&egcode&rccode&egrankcode,립틴트 카테고리에,121
https://www.oliveyoung.co.kr/store/goods/getGoodsDetail.do?goodsNo=A000000123925&dispCatNo=1000001000200060003&trackingCd=Cat1000001000200060003_Small&curation&egcode&rccode&egrankcode,립틴트 카테고리에,121
https://www.oliveyoung.co.kr/store/goods/getGoodsDetail.do?goodsNo=A000000140472&dispCatNo=1000001000200060003&trackingCd=Cat1000001000200060003_Small&curation&egcode&rccode&egrankcode,립틴트 카테고리에,121
https://www.oliveyoung.co.kr/store/goods/getGoodsDetail.do?goodsNo=A000000148649&dispCatNo=1000001000200060003&trackingCd=Cat1000001000200060003_Small&curation&egcode&rccode&egrankcode,립틴트 카테고리에,121
https://www.oliveyoung.co.kr/store/goods/getGoodsDetail.do?goodsNo=A000000140563&dispCatNo=1000001000200060003&trackingCd=Cat1000001000200060003_Small&curation&egcode&rccode&egrankcode,립틴트 카테고리에,121
https://www.oliveyoung.co.kr/store/goods/getGoodsDetail.do?goodsNo=A000000143026&dispCatNo=1000001000200060003&trackingCd=Cat1000001000200060003_Small&curation&egcode&rccode&egrankcode,립틴트 카테고리에,121
https://www.oliveyoung.co.kr/store/goods/getGoodsDetail.do?goodsNo=A000000130101&dispCatNo=1000001000200060003&trackingCd=Cat1000001000200060003_Small&curation&egcode&rccode&egrankcode,립틴트 카테고리에,121
https://www.oliveyoung.co.kr/store/goods/getGoodsDetail.do?goodsNo=A000000129219&dispCatNo=1000001000200060003&trackingCd=Cat1000001000200060003_Small&curation&egcode&rccode&egrankcode,립틴트 카테고리에,121
https://www.oliveyoung.co.kr/store/goods/getGoodsDetail.do?goodsNo=A000000121753&dispCatNo=1000001000200060003&trackingCd=Cat1000001000200060003_Small&curation&egcode&rccode&egrankcode,립틴트 카테고리에,121
https://www.oliveyoung.co.kr/store/goods/getGoodsDetail.do?goodsNo=A000000148542&dispCatNo=1000001000200060003&trackingCd=Cat1000001000200060003_Small&curation&egcode&rccode&egrankcode,립틴트 카테고리에,121
https://www.oliveyoung.co.kr/store/goods/getGoodsDetail.do?goodsNo=A000000127814&dispCatNo=1000001000200060003&trackingCd=Cat1000001000200060003_Small&curation&egcode&rccode&egrankcode,립틴트 카테고리에,121
https://www.oliveyoung.co.kr/store/goods/getGoodsDetail.do?goodsNo=A000000158896&dispCatNo=1000001000200060003&trackingCd=Cat1000001000200060003_Small&curation&egcode&rccode&egrankcode,립틴트 카테고리에,121
https://www.oliveyoung.co.kr/store/goods/getGoodsDetail.do?goodsNo=A000000158893&dispCatNo=1000001000200060003&trackingCd=Cat1000001000200060003_Small&curation&egcode&rccode&egrankcode,립틴트 카테고리에,121
https://www.oliveyoung.co.kr/store/goods/getGoodsDetail.do?goodsNo=A000000120880&dispCatNo=1000001000200060003&trackingCd=Cat1000001000200060003_Small&curation&egcode&rccode&egrankcode,립틴트 카테고리에,121
https://www.oliveyoung.co.kr/store/goods/getGoodsDetail.do?goodsNo=A000000125955&dispCatNo=1000001000200060003&trackingCd=Cat1000001000200060003_Small&curation&egcode&rccode&egrankcode,립틴트 카테고리에,121
https://www.oliveyoung.co.kr/store/goods/getGoodsDetail.do?goodsNo=A000000148663&dispCatNo=1000001000200060003&trackingCd=Cat1000001000200060003_Small&curation&egcode&rccode&egrankcode,립틴트 카테고리에,121
https://www.oliveyoung.co.kr/store/goods/getGoodsDetail.do?goodsNo=A000000145015&dispCatNo=1000001000200060003&trackingCd=Cat1000001000200060003_Small&curation&egcode&rccode&egrankcode,립틴트 카테고리에,121
https://www.oliveyoung.co.kr/store/goods/getGoodsDetail.do?goodsNo=A000000158147&dispCatNo=1000001000200060003&trackingCd=Cat1000001000200060003_Small&curation&egcode&rccode&egrankcode,립틴트 카테고리에,121
https://www.oliveyoung.co.kr/store/goods/getGoodsDetail.do?goodsNo=A000000128184&dispCatNo=1000001000200060003&trackingCd=Cat1000001000200060003_Small&curation&egcode&rccode&egrankcode,립틴트 카테고리에,121
https://www.oliveyoung.co.kr/store/goods/getGoodsDetail.do?goodsNo=A000000155960&dispCatNo=1000001000200060003&trackingCd=Cat1000001000200060003_Small&curation&egcode&rccode&egrankcode,립틴트 카테고리에,121
https://www.oliveyoung.co.kr/store/goods/getGoodsDetail.do?goodsNo=A000000136343&dispCatNo=1000001000200060003&trackingCd=Cat1000001000200060003_Small&curation&egcode&rccode&egrankcode,립틴트 카테고리에,121
https://www.oliveyoung.co.kr/store/goods/getGoodsDetail.do?goodsNo=A000000109619&dispCatNo=1000001000200060003&trackingCd=Cat1000001000200060003_Small&curation&egcode&rccode&egrankcode,립틴트 카테고리에,121
https://www.oliveyoung.co.kr/store/goods/getGoodsDetail.do?goodsNo=A000000121562&dispCatNo=1000001000200060003&trackingCd=Cat1000001000200060003_Small&curation&egcode&rccode&egrankcode,립틴트 카테고리에,121
https://www.oliveyoung.co.kr/store/goods/getGoodsDetail.do?goodsNo=A000000149487&dispCatNo=1000001000200060003&trackingCd=Cat1000001000200060003_Small&curation&egcode&rccode&egrankcode,립틴트 카테고리에,121
https://www.oliveyoung.co.kr/store/goods/getGoodsDetail.do?goodsNo=A000000148591&dispCatNo=1000001000200060003&trackingCd=Cat1000001000200060003_Small&curation&egcode&rccode&egrankcode,립틴트 카테고리에,121
https://www.oliveyoung.co.kr/store/goods/getGoodsDetail.do?goodsNo=A000000158896&dispCatNo=1000001000200060003&trackingCd=Cat1000001000200060003_Small&curation&egcode&rccode&egrankcode,립틴트 카테고리에,121
https://www.oliveyoung.co.kr/store/goods/getGoodsDetail.do?goodsNo=A000000158893&dispCatNo=1000001000200060003&trackingCd=Cat1000001000200060003_Small&curation&egcode&rccode&egrankcode,립틴트 카테고리에,121
https://www.oliveyoung.co.kr/store/goods/getGoodsDetail.do?goodsNo=A000000120880&dispCatNo=1000001000200060003&trackingCd=Cat1000001000200060003_Small&curation&egcode&rccode&egrankcode,립틴트 카테고리에,121
https://www.oliveyoung.co.kr/store/goods/getGoodsDetail.do?goodsNo=A000000125955&dispCatNo=1000001000200060003&trackingCd=Cat1000001000200060003_Small&curation&egcode&rccode&egrankcode,립틴트 카테고리에,121
https://www.oliveyoung.co.kr/store/goods/getGoodsDetail.do?goodsNo=A000000148663&dispCatNo=1000001000200060003&trackingCd=Cat1000001000200060003_Small&curation&egcode&rccode&egrankcode,립틴트 카테고리에,121
https://www.oliveyoung.co.kr/store/goods/getGoodsDetail.do?goodsNo=A000000145015&dispCatNo=1000001000200060003&trackingCd=Cat1000001000200060003_Small&curation&egcode&rccode&egrankcode,립틴트 카테고리에,121
https://www.oliveyoung.co.kr/store/goods/getGoodsDetail.do?goodsNo=A000000158147&dispCatNo=1000001000200060003&trackingCd=Cat1000001000200060003_Small&curation&egcode&rccode&egrankcode,립틴트 카테고리에,121
https://www.oliveyoung.co.kr/store/goods/getGoodsDetail.do?goodsNo=A000000128184&dispCatNo=1000001000200060003&trackingCd=Cat1000001000200060003_Small&curation&egcode&rccode&egrankcode,립틴트 카테고리에,121
https://www.oliveyoung.co.kr/store/goods/getGoodsDetail.do?goodsNo=A000000155960&dispCatNo=1000001000200060003&trackingCd=Cat1000001000200060003_Small&curation&egcode&rccode&egrankcode,립틴트 카테고리에,121
https://www.oliveyoung.co.kr/store/goods/getGoodsDetail.do?goodsNo=A000000136343&dispCatNo=1000001000200060003&trackingCd=Cat1000001000200060003_Small&curation&egcode&rccode&egrankcode,립틴트 카테고리에,121
https://www.oliveyoung.co.kr/store/goods/getGoodsDetail.do?goodsNo=A000000109619&dispCatNo=1000001000200060003&trackingCd=Cat1000001000200060003_Small&curation&egcode&rccode&egrankcode,립틴트 카테고리에,121
https://www.oliveyoung.co.kr/store/goods/getGoodsDetail.do?goodsNo=A000000121562&dispCatNo=1000001000200060003&trackingCd=Cat1000001000200060003_Small&curation&egcode&rccode&egrankcode,립틴트 카테고리에,121
https://www.oliveyoung.co.kr/store/goods/getGoodsDetail.do?goodsNo=A000000149487&dispCatNo=1000001000200060003&trackingCd=Cat1000001000200060003_Small&curation&egcode&rccode&egrankcode,립틴트 카테고리에,121
https://www.oliveyoung.co.kr/store/goods/getGoodsDetail.do?goodsNo=A000000148591&dispCatNo=1000001000200060003&trackingCd=Cat1000001000200060003_Small&curation&egcode&rccode&egrankcode,립틴트 카테고리에,121
https://www.oliveyoung.co.kr/store/goods/getGoodsDetail.do?goodsNo=A000000131154&dispCatNo=1000001000200060003&trackingCd=Cat1000001000200060003_Small&curation&egcode&rccode&egrankcode,립틴트 카테고리에,121
https://www.oliveyoung.co.kr/store/goods/getGoodsDetail.do?goodsNo=A000000152394&dispCatNo=1000001000200060003&trackingCd=Cat1000001000200060003_Small&curation&egcode&rccode&egrankcode,립틴트 카테고리에,121
https://www.oliveyoung.co.kr/store/goods/getGoodsDetail.do?goodsNo=A000000152162&dispCatNo=1000001000200060003&trackingCd=Cat1000001000200060003_Small&curation&egcode&rccode&egrankcode,립틴트 카테고리에,121
https://www.oliveyoung.co.kr/store/goods/getGoodsDetail.do?goodsNo=A000000139920&dispCatNo=1000001000200060003&trackingCd=Cat1000001000200060003_Small&curation&egcode&rccode&egrankcode,립틴트 카테고리에,121
https://www.oliveyoung.co.kr/store/goods/getGoodsDetail.do?goodsNo=A000000158148&dispCatNo=1000001000200060003&trackingCd=Cat1000001000200060003_Small&curation&egcode&rccode&egrankcode,립틴트 카테고리에,121
https://www.oliveyoung.co.kr/store/goods/getGoodsDetail.do?goodsNo=A000000146725&dispCatNo=1000001000200060003&trackingCd=Cat1000001000200060003_Small&curation&egcode&rccode&egrankcode,립틴트 카테고리에,121
https://www.oliveyoung.co.kr/store/goods/getGoodsDetail.do?goodsNo=A000000102888&dispCatNo=1000001000200060003&trackingCd=Cat1000001000200060003_Small&curation&egcode&rccode&egrankcode,립틴트 카테고리에,121
https://www.oliveyoung.co.kr/store/goods/getGoodsDetail.do?goodsNo=A000000149244&dispCatNo=1000001000200060003&trackingCd=Cat1000001000200060003_Small&curation&egcode&rccode&egrankcode,립틴트 카테고리에,121
https://www.oliveyoung.co.kr/store/goods/getGoodsDetail.do?goodsNo=A000000159377&dispCatNo=1000001000200060003&trackingCd=Cat1000001000200060003_Small&curation&egcode&rccode&egrankcode,립틴트 카테고리에,121
https://www.oliveyoung.co.kr/store/goods/getGoodsDetail.do?goodsNo=A000000127511&dispCatNo=1000001000200060003&trackingCd=Cat1000001000200060003_Small&curation&egcode&rccode&egrankcode,립틴트 카테고리에,121
https://www.oliveyoung.co.kr/store/goods/getGoodsDetail.do?goodsNo=A000000129062&dispCatNo=1000001000200060003&trackingCd=Cat1000001000200060003_Small&curation&egcode&rccode&egrankcode,립틴트 카테고리에,121
https://www.oliveyoung.co.kr/store/goods/getGoodsDetail.do?goodsNo=A000000144883&dispCatNo=1000001000200060003&trackingCd=Cat1000001000200060003_Small&curation&egcode&rccode&egrankcode,립틴트 카테고리에,121
https://www.oliveyoung.co.kr/store/goods/getGoodsDetail.do?goodsNo=A000000148646&dispCatNo=1000001000200060003&trackingCd=Cat1000001000200060003_Small&curation&egcode&rccode&egrankcode,립틴트 카테고리에,121
https://www.oliveyoung.co.kr/store/goods/getGoodsDetail.do?goodsNo=A000000159355&dispCatNo=1000001000200060003&trackingCd=Cat1000001000200060003_Small&curation&egcode&rccode&egrankcode,립틴트 카테고리에,121
https://www.oliveyoung.co.kr/store/goods/getGoodsDetail.do?goodsNo=A000000148560&dispCatNo=1000001000200060003&trackingCd=Cat1000001000200060003_Small&curation&egcode&rccode&egrankcode,립틴트 카테고리에,121
https://www.oliveyoung.co.kr/store/goods/getGoodsDetail.do?goodsNo=A000000156292&dispCatNo=1000001000200060003&trackingCd=Cat1000001000200060003_Small&curation&egcode&rccode&egrankcode,립틴트 카테고리에,121
https://www.oliveyoung.co.kr/store/goods/getGoodsDetail.do?goodsNo=A000000152764&dispCatNo=1000001000200060003&trackingCd=Cat1000001000200060003_Small&curation&egcode&rccode&egrankcode,립틴트 카테고리에,121
https://www.oliveyoung.co.kr/store/goods/getGoodsDetail.do?goodsNo=A000000131759&dispCatNo=1000001000200060003&trackingCd=Cat1000001000200060003_Small&curation&egcode&rccode&egrankcode,립틴트 카테고리에,121
https://www.oliveyoung.co.kr/store/goods/getGoodsDetail.do?goodsNo=A000000148662&dispCatNo=1000001000200060003&trackingCd=Cat1000001000200060003_Small&curation&egcode&rccode&egrankcode,립틴트 카테고리에,121
https://www.oliveyoung.co.kr/store/goods/getGoodsDetail.do?goodsNo=A000000017006&dispCatNo=1000001000200060003&trackingCd=Cat1000001000200060003_Small&curation&egcode&rccode&egrankcode,립틴트 카테고리에,121
https://www.oliveyoung.co.kr/store/goods/getGoodsDetail.do?goodsNo=A000000144876&dispCatNo=1000001000200060003&trackingCd=Cat1000001000200060003_Small&curation&egcode&rccode&egrankcode,립틴트 카테고리에,121
https://www.oliveyoung.co.kr/store/goods/getGoodsDetail.do?goodsNo=A000000130986&dispCatNo=1000001000200060003&trackingCd=Cat1000001000200060003_Small&curation&egcode&rccode&egrankcode,립틴트 카테고리에,121
https://www.oliveyoung.co.kr/store/goods/getGoodsDetail.do?goodsNo=A000000122382&dispCatNo=1000001000200060003&trackingCd=Cat1000001000200060003_Small&curation&egcode&rccode&egrankcode,립틴트 카테고리에,121
https://www.oliveyoung.co.kr/store/goods/getGoodsDetail.do?goodsNo=A000000156875&dispCatNo=1000001000200060003&trackingCd=Cat1000001000200060003_Small&curation&egcode&rccode&egrankcode,립틴트 카테고리에,121
https://www.oliveyoung.co.kr/store/goods/getGoodsDetail.do?goodsNo=A000000123925&dispCatNo=1000001000200060003&trackingCd=Cat1000001000200060003_Small&curation&egcode&rccode&egrankcode,립틴트 카테고리에,121
https://www.oliveyoung.co.kr/store/goods/getGoodsDetail.do?goodsNo=A000000140472&dispCatNo=1000001000200060003&trackingCd=Cat1000001000200060003_Small&curation&egcode&rccode&egrankcode,립틴트 카테고리에,121
https://www.oliveyoung.co.kr/store/goods/getGoodsDetail.do?goodsNo=A000000148649&dispCatNo=1000001000200060003&trackingCd=Cat1000001000200060003_Small&curation&egcode&rccode&egrankcode,립틴트 카테고리에,121
https://www.oliveyoung.co.kr/store/goods/getGoodsDetail.do?goodsNo=A000000140563&dispCatNo=1000001000200060003&trackingCd=Cat1000001000200060003_Small&curation&egcode&rccode&egrankcode,립틴트 카테고리에,121
https://www.oliveyoung.co.kr/store/goods/getGoodsDetail.do?goodsNo=A000000143026&dispCatNo=1000001000200060003&trackingCd=Cat1000001000200060003_Small&curation&egcode&rccode&egrankcode,립틴트 카테고리에,121
https://www.oliveyoung.co.kr/store/goods/getGoodsDetail.do?goodsNo=A000000130101&dispCatNo=1000001000200060003&trackingCd=Cat1000001000200060003_Small&curation&egcode&rccode&egrankcode,립틴트 카테고리에,121
https://www.oliveyoung.co.kr/store/goods/getGoodsDetail.do?goodsNo=A000000129219&dispCatNo=1000001000200060003&trackingCd=Cat1000001000200060003_Small&curation&egcode&rccode&egrankcode,립틴트 카테고리에,121
https://www.oliveyoung.co.kr/store/goods/getGoodsDetail.do?goodsNo=A000000121753&dispCatNo=1000001000200060003&trackingCd=Cat1000001000200060003_Small&curation&egcode&rccode&egrankcode,립틴트 카테고리에,121
https://www.oliveyoung.co.kr/store/goods/getGoodsDetail.do?goodsNo=A000000148542&dispCatNo=1000001000200060003&trackingCd=Cat1000001000200060003_Small&curation&egcode&rccode&egrankcode,립틴트 카테고리에,121
https://www.oliveyoung.co.kr/store/goods/getGoodsDetail.do?goodsNo=A000000127814&dispCatNo=1000001000200060003&trackingCd=Cat1000001000200060003_Small&curation&egcode&rccode&egrankcode,립틴트 카테고리에,121
